经销商代码之计数,经销商名称之计数,经销商简称,省份,城市,投资主体,状态,服务大区,服务区域经理,3月零附件目标,3月零附件达成,3月达成率,Q1零件目标,Q1零件达成,Q1达成率,机油金额,保养台次,机油单车,事故件金额,事故台次,事故单车,工单数
A13311,宁波鑫之源汽车有限公司,宁波鑫之源,浙江省,宁波市,宁波鑫之源,正常,东区,李波,1038600,329731.0599999997,0.31747646832274184,2589100,1838041.2999999998,0.7099151442586226,43367.16,243.0,178.4656790123457,114808.08000000007,39.0,2943.796923076925,376.0
A13314,海口优之杰汽车服务有限公司,海口优之杰,海南省,海口市,海口优之杰,正常,南区,宋扬,1112700,370515.55999999976,0.3329878314010962,2774000,2101606.21,0.7576085832732516,60424.200000000004,344.0,175.65174418604653,154183.80999999994,15.0,10278.920666666663,515.0
A15217,杭州骏田汽车有限公司,杭州骏田,浙江省,杭州市,广成集团,正常,东区,李波,1218700,473841.60999999935,0.3888090670386472,3038200,2353879.6799999992,0.774761266539398,116978.84999999999,363.0,322.2557851239669,164449.71,5.0,32889.941999999995,466.0
A13291,南京天和汽车销售服务有限公司,南京天和,江苏省,南京市,南京天和,正常,东区,钱曦,847800,580429.8699999999,0.6846306558150506,2113600,2354545.5599999996,1.11399771006813,60603.78,274.0,221.18167883211677,304550.5499999999,50.0,6091.010999999998,513.0
A13297,常州外汽永嘉汽车销售服务有限公司,常州外汽永嘉,江苏省,常州市,常州外汽,正常,东区,晏礼奎,794800,177579.74999999985,0.22342696275792634,1981500,1389508.8299999998,0.7012408932626797,12240.0,156.0,78.46153846153847,82308.35,23.0,3578.6239130434783,239.0
M18224,广州市福马汽车销售服务有限公司,广州市福马,广东省,广州市,广州东富,正常,南区,王胜文,900800,228463.07000000007,0.253622413410302,2245700,1250969.85,0.5570511867123837,37819.74,124.0,304.99790322580645,90073.82000000002,29.0,3105.993793103449,312.0
A13475,西安骏雄汽车销售服务有限公司,西安骏雄,陕西省,西安市,西安骏广,正常,西区,李兴坤,936000,266615.4199999998,0.284845534188034,2333400,1562854.06,0.6697754607011228,19263.120000000003,216.0,89.18111111111112,118274.85999999999,1.0,118274.85999999999,275.0
A22796,陕西广行汽车销售服务有限公司,陕西广行,陕西省,西安市,西安骏广,正常,西区,李兴坤,903700,247887.2299999997,0.27430256722363583,2253000,1358765.2899999998,0.6030915623612959,17464.14,181.0,96.48696132596685,113885.78,2.0,56942.89,232.0
A17997,武汉银马汽车销售有限公司,武汉银马,湖北省,武汉市,建银集团,正常,中区,张哲,794800,278876.82999999984,0.35087673628585786,1981500,1511310.0199999998,0.7627100782235678,73767.36,166.0,444.38168674698795,87567.37000000004,0.0,,236.0
A13776,浙江裕菲汽车销售服务有限公司,浙江裕菲,浙江省,杭州市,浙江裕非,正常,东区,李波,877500,398051.7599999994,0.4536202393162387,2187600,1901075.0699999994,0.86902316236972,64070.28,204.0,314.07,138539.87,8.0,17317.48375,279.0
M18349,广西鑫广达汽车销售服务有限公司,广西鑫广达,广西壮族自治区,南宁市,长久集团,正常,南区,薛仲锋,699500,318229.38999999966,0.45493837026447415,1743800,1595303.5199999996,0.9148431700883126,17136.0,196.0,87.42857142857143,126270.91000000002,2.0,63135.45500000001,364.0
A28856,重庆银马汽车销售服务有限公司,重庆银马,重庆市,重庆市,重庆银马,正常,西区,孔立刚,763000,294240.9899999998,0.3856369462647442,1902200,1395188.65,0.7334605456839448,43987.770000000004,174.0,252.803275862069,120094.19000000005,2.0,60047.09500000002,219.0
A13302,合肥建银海康达汽车销售有限公司,合肥建银海康,安徽省,合肥市,建银集团,正常,中区,李伟,763000,144555.75999999986,0.1894570904325031,1902200,1590472.0999999996,0.8361224371780043,7344.0,117.0,62.76923076923077,48016.11,30.0,1600.537,194.0
M18892,辽宁驰敖中联汽车销售服务有限公司,辽宁驰敖中联,辽宁省,沈阳市,辽宁驰敖,正常,北区,鲁金泽,736900,208477.56000000006,0.2829116026597911,1837100,1388968.4300000002,0.7560657721408743,51653.04,230.0,224.5784347826087,74479.51,76.0,979.9935526315788,400.0
A13342,珠海市新通达汽车销售服务有限公司,珠海市新通达,广东省,珠海市,深圳通利华,正常,南区,宋扬,752400,274692.0099999999,0.36508773258904825,1875800,1534628.46,0.8181194477023137,23216.22,147.0,157.9334693877551,121245.37999999998,31.0,3911.14129032258,260.0
M18270,山东惠骋汽车贸易有限公司,山东惠骋,山东省,济南市,山东顺骋集团,正常,中区,李伟,635900,166790.26,0.26229007705614094,1585300,1054507.98,0.6651788178893585,44083.8,167.0,263.9748502994012,45433.75,4.0,11358.4375,204.0
A13289,大连众联达贸易有限公司,大连众联达,辽宁省,大连市,长久集团,正常,北区,唐宏宇,722800,175722.66,0.24311380741560598,1801900,1215833.78,0.6747509739719185,28127.25,106.0,265.35141509433964,85118.99000000002,35.0,2431.9711428571436,199.0
A13343,深圳通利华宝安汽车销售服务有限公司,深圳通利华宝,广东省,深圳市,深圳通利华,正常,南区,薛仲锋,784200,420219.49999999907,0.5358575618464666,1955000,1701051.989999999,0.8701033196930942,7344.0,67.0,109.61194029850746,179135.1500000001,22.0,8142.506818181823,228.0
M18238,1衡阳致瑞汽车销售服务有限公司,衡阳致瑞,湖南省,衡阳市,湖南长驰,正常,南区,李志杰,635900,197606.69999999992,0.3107512187450856,1585300,1673142.73,1.0554107929098593,4896.0,170.0,28.8,53816.190000000024,49.0,1098.289591836735,330.0
A15940,昆明京源达汽车销售有限责任公司,昆明京源达,云南省,昆明市,正能量集团,正常,西区,蒋旗,750300,297798.66999999975,0.3969061308809806,1870500,1452252.0699999996,0.7763977920342152,29841.93,149.0,200.28140939597316,122180.03000000006,8.0,15272.503750000007,204.0
A18077,深圳通利华福滨汽车服务有限公司,通利华福滨,广东省,深圳市,深圳通利华,正常,南区,薛仲锋,784200,325074.45999999973,0.4145300433562863,1955000,1470356.9799999997,0.752100757033248,39771.03,62.0,641.4682258064516,134934.40999999995,0.0,,147.0
M18538,上海交运起荣汽车销售服务有限公司,上海交运起荣,上海市,上海市,上海交运,正常,东区,张晔,575500,141286.56,0.24550227628149435,1434600,1034656.3600000001,0.7212159208141643,22253.340000000004,126.0,176.61380952380955,53391.16000000001,14.0,3813.6542857142863,194.0
M18026,南京天瑞汽车销售服务有限公司,南京天瑞,江苏省,南京市,南京天和,正常,东区,钱曦,529900,121919.64000000001,0.23008046801283263,1321100,1075665.65,0.8142197032775716,15660.6,102.0,153.53529411764706,34200.079999999994,0.0,,162.0
A13339,惠州市通力达汽车销售服务有限公司,惠州市通力达,广东省,惠州市,深圳通利华,正常,南区,张裕坤,688900,350744.72999999986,0.5091373639134851,1717300,1309133.52,0.7623208059162639,32804.520000000004,156.0,210.28538461538463,130477.69999999997,23.0,5672.943478260868,276.0
A13308,义乌市祥马汽车销售服务有限公司,义乌市祥马,浙江省,金华市,赵龙集团,正常,东区,陈秋刚,679300,223344.85999999993,0.32878678050934773,1693500,1271324.8399999999,0.7507084971951579,20766.6,164.0,126.62560975609755,86673.98999999998,2.0,43336.99499999999,203.0
A14981,江门市振宇汽车销售服务有限公司,江门市振宇,广东省,江门市,江门振升,正常,南区,宋扬,614700,204101.27999999988,0.3320339677891653,1532400,1163173.0199999998,0.7590531323414251,27904.56,103.0,270.9180582524272,110995.17000000003,0.0,,274.0
M18571,重庆万事新汽车销售服务有限公司,重庆万事新,重庆市,重庆市,重庆万事新,正常,西区,孔立刚,640000,154327.93999999994,0.2411374062499999,1620000,1430063.5299999998,0.8827552654320986,12240.0,150.0,81.6,68406.23000000003,37.0,1848.8170270270277,270.0
A17995,哈尔滨龙洋汽车销售有限公司,哈尔滨龙洋,黑龙江省,哈尔滨市,西安骏广,正常,北区,邵传海,607300,217351.51999999981,0.357898106372468,1513900,1289566.6299999997,0.8518175771186998,13800.6,194.0,71.13711340206186,91983.70000000004,59.0,1559.045762711865,341.0
M18613,广州博程汽车有限公司,广州博程,广东省,广州市,广州博程,正常,南区,王胜文,423900,62061.19999999999,0.14640528426515687,1056900,337362.22000000003,0.31919975399754,21194.79,66.0,321.1331818181818,14223.960000000001,9.0,1580.44,147.0
M18042,深圳通利华龙城汽车销售服务有限公司,通利华龙城,广东省,深圳市,深圳通利华,正常,南区,薛仲锋,423900,127517.02,0.30081863647086576,1056900,896000.5700000001,0.8477628630901695,9792.0,130.0,75.32307692307693,34417.76999999999,0.0,,196.0
A16596,台州市诺亚汽车贸易有限公司,台州市诺亚,浙江省,台州市,浙江国赛,正常,东区,李波,625300,210438.3999999998,0.33653990084759283,1558800,1040874.4399999998,0.6677408519373876,17142.6,112.0,153.05892857142857,75535.01000000002,36.0,2098.194722222223,197.0
M18003,重庆金团汽车销售服务有限公司,重庆金团,重庆市,重庆市,重庆金团,正常,西区,孔立刚,612600,190405.36999999988,0.31081516487104127,1527100,1102201.99,0.7217615021937005,41592.600000000006,129.0,322.4232558139535,68870.09000000003,79.0,871.7732911392409,255.0
A13544,昆山富骏汽车销售服务有限公司,昆山富骏,江苏省,苏州市,江苏富骏,正常,东区,晏礼奎,625300,317655.3099999997,0.5080046537661917,1558800,1379337.7899999996,0.8848715614575312,85698.98999999999,229.0,374.2313973799126,114831.51999999997,18.0,6379.528888888887,299.0
M18196,陕西骏威汽车销售服务有限公司,陕西骏威,陕西省,西安市,西安骏广,正常,西区,李兴坤,471200,166367.16999999995,0.35307124363327663,1174700,973547.4199999999,0.828762594705031,33732.630000000005,116.0,290.79853448275867,80636.40000000002,34.0,2371.6588235294125,195.0
M18190,河南小伙伴汽车销售有限公司,河南小伙伴,河南省,郑州市,河南小伙伴,正常,中区,倪超,614700,152350.78000000003,0.24784574589230524,1532400,943730.98,0.6158515922735578,23265.9,129.0,180.3558139534884,35129.41,28.0,1254.6217857142858,269.0
M18333,无锡荣事达汽车贸易服务有限公司,无锡荣事达,江苏省,无锡市,无锡荣事达,正常,东区,晏礼奎,551100,196982.26999999984,0.35743471239339475,1373900,1117495.0999999999,0.8133744086178032,32209.65,118.0,272.96313559322033,80380.28,42.0,1913.8161904761905,213.0
M18537,上海路帅汽车销售有限公司,上海路帅,上海市,上海市,,正常,东区,张晔,568000,137214.57999999993,0.24157496478873228,1416000,860231.1199999999,0.6075078531073446,14433.3,124.0,116.39758064516128,56904.84,32.0,1778.27625,200.0
M18561,四川中鹏汽车销售服务有限公司,四川中鹏,四川省,成都市,四川中鹏,正常,西区,陈莉,580800,301246.2799999997,0.5186747245179057,1447900,1376043.0299999998,0.9503715933420815,48966.6,146.0,335.3876712328767,133116.56,2.0,66558.28,204.0
M18276,辽宁福达汽车销售服务有限公司,辽宁福达,辽宁省,沈阳市,辽宁福达,正常,北区,鲁金泽,603900,107614.74,0.17819960258320916,1505400,1093413.54,0.726327580709446,18829.62,110.0,171.17836363636363,48957.47,34.0,1439.925588235294,204.0
A13558,绵阳星鸿达汽车销售服务有限公司,绵阳星鸿达,四川省,绵阳市,绵阳星鸿达,正常,西区,陈莉,588200,222629.24999999985,0.3784924345460725,1466400,1552672.8299999996,1.0588330810147297,36218.520000000004,130.0,278.60400000000004,52499.41,3.0,17499.803333333333,181.0
M18285,吉林省仁德汽车销售服务有限公司,吉林省仁德,吉林省,长春市,吉林仁德,正常,北区,唐宏宇,546000,110157.6,0.20175384615384617,1361200,932804.2100000001,0.6852807890096974,23004.6,84.0,273.8642857142857,42325.68000000001,22.0,1923.8945454545458,184.0
A27896,青岛安隆达汽车销售有限公司,青岛安隆达,山东省,青岛市,青岛安隆达,正常,中区,李付敬,551100,151670.45,0.2752140264924696,1373900,921867.47,0.6709858577771308,13468.62,110.0,122.44200000000001,58899.17000000001,0.0,,163.0
A14837,无锡市东方运达汽车销售服务有限公司,无市东方运达,江苏省,无锡市,东方新纪元,正常,东区,晏礼奎,561700,167919.50999999998,0.2989487448816094,1400300,1186257.03,0.8471449189459401,17136.0,252.0,68.0,80935.80000000002,34.0,2380.4647058823534,181.0
A13258,1江西江铃海外马自达汽车销售服务有限公司,江西江铃海外,江西省,南昌市,江西江铃海外,正常,南区,王胜文,466300,375797.94,0.8059145185502895,1162500,945336.31,0.8131925247311829,2448.0,130.0,18.83076923076923,84287.09999999999,44.0,1915.6159090909089,321.0
A13305,成都东成安邦汽车销售服务有限公司,成都东成安邦,四川省,成都市,成都东成安邦,正常,西区,陈莉,545800,156307.40999999995,0.2863822096005862,1360700,912553.5999999999,0.6706501065627984,29321.1,128.0,229.07109375,47500.500000000015,56.0,848.2232142857146,218.0
M18131,四川西星实业发展有限公司,四川西星,四川省,成都市,四川西星,正常,西区,陈莉,540500,217096.96000000008,0.40165950046253485,1347400,1118424.65,0.8300613403592103,46536.21,113.0,411.82486725663716,72587.86000000002,11.0,6598.896363636365,171.0
M18351,广东物通驭达汽车有限公司,广东物通驭达,广东省,广州市,广东物通集团,正常,南区,王胜文,476900,151721.01000000004,0.31814009226252893,1188900,772602.3600000001,0.6498463790058038,0.0,90.0,0.0,79660.17,22.0,3620.916818181818,183.0
M18041,绍兴国赛汽车有限公司,绍兴国赛,浙江省,绍兴市,浙江国赛,正常,东区,李波,529900,178169.17999999993,0.33623170409511216,1321100,1107631.0899999999,0.8384157823026265,27979.8,128.0,218.5921875,60838.72,3.0,20279.573333333334,156.0
A24515,上海弘绅汽车销售服务有限公司,上海弘绅,上海市,上海市,锦弘集团,正常,东区,张晔,511900,127951.96000000002,0.2499549912092206,1276100,760965.94,0.5963215578716401,0.0,60.0,0.0,73180.04000000002,27.0,2710.3718518518526,111.0
M18519,宁波合辰汽车销售服务有限公司,宁波合辰,浙江省,宁波市,宁波合辰,正常,东区,李波,541600,193957.62000000005,0.35811968242245207,1350100,1110161.2200000002,0.8222807347603883,36691.32,141.0,260.2221276595745,67010.76000000001,40.0,1675.2690000000002,554.0
M18526,上海景和金沙汽车销售有限公司,上海景和金沙,上海市,上海市,上海景和,正常,东区,张晔,471600,105791.23000000005,0.22432406700593735,1175700,775751.41,0.6598208811771711,26476.620000000003,78.0,339.4438461538462,42146.87000000002,19.0,2218.2563157894747,115.0
M18038,北京仁正利成汽车销售服务有限公司,北京仁正利成,北京市,北京市,北京仁正利成,正常,北区,祁玮,485400,135510.83000000002,0.27917352698805115,1210100,724343.0,0.5985811089992562,9090.84,79.0,115.07392405063291,43588.45,10.0,4358.844999999999,135.0
A21336,佛山骏迪汽车有限公司,佛山骏迪,广东省,佛山市,南宝集团,正常,南区,宋扬,582900,326048.6299999998,0.5593560301938579,1453100,1235217.9,0.8500570504438786,31321.2,93.0,336.78709677419357,140577.2200000001,43.0,3269.2376744186067,273.0
M18078,瑞安市深发汽车销售服务有限公司,瑞安市深发,浙江省,温州市,瑞安深发,正常,东区,陈秋刚,474800,139473.41,0.29375191659646166,1183700,723673.07,0.6113652699163639,11019.3,72.0,153.04583333333332,61084.820000000014,25.0,2443.3928000000005,157.0
M18051,百色万马汽车销售服务有限公司,百色万马,广西壮族自治区,百色市,贵港万马,正常,南区,薛仲锋,445100,151205.40000000008,0.3397110761626603,1109700,926841.81,0.835218356312517,24231.9,113.0,214.441592920354,67058.5,16.0,4191.15625,181.0
M18520,嘉兴市禾通汽车销售服务有限公司,嘉兴市禾通,浙江省,嘉兴市,嘉兴禾通,正常,东区,张晔,444100,119200.11000000006,0.26840826390452616,1107100,683464.3,0.6173464908319032,7344.0,74.0,99.24324324324324,72612.63,0.0,,85.0
A13341,佛山海迪汽车有限公司,佛山海迪,广东省,佛山市,南宝集团,正常,南区,宋扬,556400,136821.10999999993,0.24590422358015804,1387100,837003.95,0.6034200490231417,11019.3,105.0,104.94571428571427,60228.13,0.0,,190.0
A13338,东莞市通益汽车销售服务有限公司,东莞市通益,广东省,东莞市,深圳通利华,正常,南区,张裕坤,635900,210396.33999999976,0.33086387796823363,1585300,1052012.92,0.663604945436195,23330.85,247.0,94.4568825910931,89745.59000000001,0.0,,325.0
M18331,淮安市宏宇翔舜汽车销售服务有限公司,淮安市宏宇翔,江苏省,淮安市,淮安宏宇,正常,东区,钱曦,423900,192904.43,0.45507060627506485,1056900,886473.4099999999,0.8387486138707541,12246.6,88.0,139.16590909090908,90900.00000000003,1.0,90900.00000000003,121.0
M18069,中国长安汽车集团天津销售有限公司,中国长安,天津市,天津市,中国长安,正常,北区,邵传海,394500,53243.19,0.13496372623574146,983500,491823.06,0.5000742857142857,5209.08,60.0,86.818,16715.92,9.0,1857.3244444444442,100.0
A17996,苏州瀚龙汽车销售有限公司,苏州瀚龙,江苏省,苏州市,瀚龙集团,正常,东区,晏礼奎,889100,238897.5199999998,0.26869589472500255,2216500,1484264.2899999998,0.6696432618993908,49836.54,265.0,188.06241509433963,90375.65,2.0,45187.825,322.0
M18539,南通银达汽车销售服务有限公司,南通银达,江苏省,南通市,南通银达,正常,东区,陈秋刚,426000,160912.16999999993,0.3777280985915491,1062000,672106.96,0.6328690772128059,38897.340000000004,122.0,318.83065573770494,57224.81,8.0,7153.10125,154.0
A19820,佛山市耀田汽车有限公司,佛山市耀田,广东省,佛山市,南宝集团,正常,南区,宋扬,529900,206556.81999999995,0.38980339686733334,1321100,875376.95,0.6626121792445688,40110.600000000006,114.0,351.8473684210527,78907.17000000001,14.0,5636.226428571429,240.0
A13340,中山市万事得汽车销售服务有限公司,中山市万事得,广东省,中山市,中山万事得,正常,南区,宋扬,413300,157943.87000000005,0.38215308492620387,1030400,883081.1800000002,0.8570275427018635,10996.38,85.0,129.36917647058823,68293.76000000001,42.0,1626.041904761905,234.0
M18245,常德汇智汽车销售服务有限公司,常德汇智,湖南省,常德市,湖南长驰,正常,南区,李志杰,355000,144655.13000000003,0.4074792394366198,885000,909383.25,1.0275516949152543,30543.239999999998,149.0,204.9881879194631,43010.450000000004,1.0,43010.450000000004,189.0
A15116,柳州鑫广达博骏汽车销售服务有限公司,鑫广达博骏,广西壮族自治区,柳州市,长久集团,正常,南区,薛仲锋,423900,213070.05999999994,0.5026422741212548,1056900,817253.8799999999,0.7732556344024978,34993.86,118.0,296.55813559322036,80245.74000000005,10.0,8024.574000000005,169.0
M18009,桂林鑫广达博骏汽车销售服务有限公司,桂林鑫广达博,广西壮族自治区,桂林市,长久集团,正常,南区,薛仲锋,423900,171367.31999999998,0.40426355272469916,1056900,895300.6499999999,0.847100624467783,34971.6,79.0,442.6784810126582,69347.13000000002,0.0,,117.0
M18365,中山市中达汽车销售服务有限公司,中山市中达,广东省,中山市,中山万事得,正常,南区,宋扬,413300,134417.73999999996,0.32523043793854334,1030400,773419.24,0.7506009704968944,23521.14,60.0,392.019,63585.96,4.0,15896.49,167.0
A15497,福州杰龙车业发展有限公司,福州杰龙,福建省,福州市,福州龙益,正常,南区,陈建民,370900,113005.33000000002,0.3046787004583446,924700,616651.74,0.6668668108575754,46946.01,88.0,533.4773863636364,8213.96,30.0,273.79866666666663,167.0
M18220,上海苏源汽车销售服务有限公司,上海苏源,上海市,上海市,上海苏源,正常,东区,张晔,405900,132309.84000000008,0.32596659275683687,1011900,814477.8900000001,0.8048995849392234,4896.0,112.0,43.714285714285715,59985.7,23.0,2608.073913043478,179.0
M18390,保定市威达汽车销售服务有限公司,保定市威达,河北省,保定市,中冀汽车集团,正常,北区,鲁金泽,419600,110289.79000000004,0.26284506673021935,1046000,638827.27,0.6107335277246654,17710.800000000003,82.0,215.98536585365858,37035.619999999995,10.0,3703.5619999999994,123.0
M18235,湖南长驰长马汽车销售服务有限公司,湖南长驰长马,湖南省,长沙市,湖南长驰,正常,南区,李志杰,392100,149267.24999999997,0.380686687069625,977500,894732.14,0.9153269974424553,13620.54,104.0,130.96673076923076,59975.59999999999,0.0,,125.0
M18014,舟山凯桥汽车销售有限公司,舟山凯桥,浙江省,舟山市,舟山凯桥,正常,东区,李波,331700,112380.19,0.3388006933976485,827000,685786.8300000001,0.8292464691656591,15919.26,97.0,164.1160824742268,36175.62000000001,12.0,3014.6350000000007,133.0
M18251,长沙瑞亿达汽车销售服务有限公司,长沙瑞亿达,湖南省,长沙市,湖南长驰,正常,南区,李志杰,392100,119579.34000000003,0.30497153787299164,977500,719654.52,0.7362194578005116,6276.54,80.0,78.45675,64230.81000000001,31.0,2071.961612903226,165.0
A13261,潍坊东裕车业发展有限公司,潍坊东裕,山东省,潍坊市,潍坊东裕,正常,中区,李伟,402700,107175.45999999999,0.2661421902160417,1004000,822362.69,0.8190863446215139,43693.649999999994,120.0,364.1137499999999,15060.81,20.0,753.0405,211.0
A13265,武汉龙泰元汽车销售服务有限公司,武汉龙泰元,湖北省,武汉市,武汉龙泰元,正常,中区,张哲,445100,155759.34000000005,0.3499423500337004,1109700,919020.53,0.8281702532215914,14433.3,129.0,111.8860465116279,48811.810000000005,0.0,,154.0
A18055,吉林省瑞祥汽车销售服务有限公司,吉林省瑞祥,吉林省,长春市,,正常,北区,唐宏宇,244100,38843.909999999996,0.15913113478082752,608500,359382.66,0.590604207066557,2448.0,54.0,45.333333333333336,20382.590000000004,9.0,2264.732222222223,90.0
M18180,南京天辉汽车销售服务有限公司,南京天辉,江苏省,南京市,南京天和,正常,东区,钱曦,370900,179999.99000000005,0.48530598544081976,924700,800314.4200000002,0.865485476370715,13164.24,96.0,137.1275,81726.21000000002,14.0,5837.58642857143,167.0
M18307,北京华日通汽车销售服务有限公司,北京华日通,北京市,北京市,北京华日通,正常,北区,祁玮,376800,122964.3600000001,0.3263385350318474,939300,705589.1100000001,0.7511861066751837,9773.7,71.0,137.65774647887324,57692.170000000006,46.0,1254.1776086956522,153.0
M18052,咸阳伟益汽车销售服务有限公司,咸阳伟益,陕西省,咸阳市,西安骏广,正常,西区,李兴坤,428200,190056.05999999985,0.44384880896777174,1067400,905041.8599999999,0.8478938167509836,22916.16,63.0,363.74857142857144,71911.80000000002,38.0,1892.4157894736848,138.0
M18118,1赣州腾马汽车服务有限公司,赣州腾马,江西省,赣州市,赣州腾马,正常,南区,王胜文,318000,125608.35000000002,0.39499481132075476,792800,598717.98,0.7551942230070635,14433.3,104.0,138.78173076923076,54355.25,25.0,2174.21,175.0
A13275,烟台泓和汽车销售服务有限公司,烟台泓和,山东省,烟台市,烟台大成,正常,中区,李付敬,423900,115098.8900000001,0.2715236848313284,1056900,851581.79,0.8057354432775098,9792.0,88.0,111.27272727272727,47186.71,0.0,,139.0
M18913,乌鲁木齐笑好景星汽车销售有限公司,乌鲁木齐笑好,新疆维吾尔自治区,乌鲁木齐市,笑好集团,正常,西区,蔡永生,408000,57668.89000000003,0.14134531862745106,1017200,784514.7200000001,0.7712492331891467,2448.0,68.0,36.0,8653.18,6.0,1442.1966666666667,123.0
M18353,厦门吉顺丰汽车贸易有限公司,厦门吉顺丰,福建省,厦门市,厦门吉顺丰,正常,南区,陈建民,360300,164089.69000000003,0.45542517346655575,898300,766040.8,0.8527672269843037,14688.0,108.0,136.0,66450.57000000002,32.0,2076.5803125000007,201.0
M18610,广西马之悦汽车销售服务有限公司,广西马之悦,广西壮族自治区,南宁市,广西马之悦,正常,南区,薛仲锋,392100,166862.78,0.42556179546034173,977500,826322.12,0.8453423222506394,36217.2,90.0,402.4133333333333,65985.25000000001,31.0,2128.556451612904,193.0
M18025,肇庆美轮庆达汽车有限公司,肇庆美轮庆达,广东省,肇庆市,,正常,南区,宋扬,355000,105277.14,0.29655532394366196,885000,531662.17,0.6007482146892655,12243.96,58.0,211.10275862068963,49942.32000000001,12.0,4161.860000000001,148.0
M23002,重庆瀚达汽车销售服务有限公司,重庆瀚达,重庆市,重庆市,,正常,西区,孔立刚,337000,141842.51000000004,0.42089765578635024,840200,702820.72,0.836492168531302,19067.04,62.0,307.5329032258065,48357.36000000001,17.0,2844.5505882352945,98.0
M18049,芜湖瑞马汽车销售服务有限公司,芜湖瑞马,安徽省,芜湖市,芜湖瑞马,正常,中区,李付敬,318000,102303.76,0.3217099371069182,792800,634296.89,0.8000717583249244,26425.2,60.0,440.42,25754.670000000006,0.0,,79.0
A13300,泰州天顺达汽车贸易有限公司,泰州天顺达,江苏省,泰州市,天字集团,正常,东区,钱曦,392100,111431.79,0.284192272379495,977500,715880.76,0.7323588337595908,37444.5,59.0,634.6525423728814,38556.42000000001,10.0,3855.642000000001,86.0
M18099,山西马博士汽车销售有限公司,山西马博士,山西省,太原市,山西马博士,正常,北区,姜洙,390400,187387.1799999999,0.47998765368852436,973400,649723.1799999999,0.6674780973905896,7344.0,74.0,99.24324324324324,82330.12000000002,8.0,10291.265000000003,156.0
M18511,温州将军汽车销售服务有限公司,温州将军,浙江省,温州市,温州将军,正常,东区,陈秋刚,347600,114940.56000000001,0.3306690448791715,866700,615736.81,0.7104382254528673,13302.900000000001,77.0,172.7649350649351,63155.89,0.0,,116.0
A14861,银川瑞鼎汽车销售服务有限公司,银川瑞鼎,宁夏回族自治区,银川市,银川瑞鼎,正常,西区,蔡永生,343400,35630.44000000001,0.10375783343040189,856100,489973.21,0.5723317486274968,2448.0,69.0,35.47826086956522,17795.29,6.0,2965.8816666666667,87.0
M23003,湖州长马汽车销售服务有限公司,湖州长马,浙江省,湖州市,湖州长马,正常,东区,张晔,319000,124647.59000000003,0.3907447962382446,795400,540164.6400000001,0.6791106864470708,30490.14,85.0,358.7075294117647,50861.08,7.0,7265.868571428572,108.0
M18229,天津远大盈之马汽车销售服务有限公司,天津远大,天津市,天津市,天津远大,正常,北区,邵传海,381100,191235.9699999999,0.5017999737601677,950100,806546.95,0.8489074307967582,31234.260000000002,74.0,422.08459459459465,78333.32999999999,16.0,4895.833124999999,134.0
M18573,云南善为汽车销售服务有限公司,云南善为,云南省,昆明市,云南善为,正常,西区,蒋旗,333900,90309.42000000001,0.2704684636118599,832300,581673.5599999999,0.6988748768472905,29258.7,92.0,318.02934782608696,24470.730000000003,6.0,4078.4550000000004,149.0
M18283,长春久鼎汽车销售服务有限公司,长春久鼎,吉林省,长春市,吉林仁德,正常,北区,唐宏宇,287900,63998.06999999999,0.22229270580062518,717700,512789.81000000006,0.7144904695555246,11019.3,65.0,169.5276923076923,22161.960000000003,27.0,820.8133333333334,118.0
M18105,苏州恒合汽车销售有限公司,苏州恒合,江苏省,苏州市,瀚龙集团,正常,东区,晏礼奎,339200,127554.53000000003,0.37604519457547175,845600,661386.4200000002,0.7821504493850522,22038.6,74.0,297.8189189189189,57772.27000000001,32.0,1805.3834375000004,117.0
A30536,周口鑫马汽车销售服务有限公司,周口鑫马,河南省,周口市,周口鑫马,正常,中区,倪超,265000,199749.0099999999,0.7537698490566034,660600,751826.7399999999,1.1380967907962456,22020.3,78.0,282.3115384615385,100075.77,27.0,3706.51,127.0
A26215,桐乡市振华汽车贸易有限公司,桐乡市振华,浙江省,嘉兴市,桐乡振华,正常,东区,张晔,306300,101774.94,0.3322720861900098,763600,612355.2,0.8019319015191199,2448.0,69.0,35.47826086956522,55779.39000000002,2.0,27889.69500000001,93.0
A26096,上饶市福铃达汽车有限公司,上饶市福铃达,江西省,上饶市,,正常,南区,王胜文,222600,60368.68000000001,0.27119802336028753,554900,379830.1099999999,0.6845019102540997,10502.939999999999,65.0,161.58369230769227,26251.01,0.0,,108.0
M18306,北京瑞豪成商贸有限公司,北京瑞豪成商,北京市,北京市,北京瑞豪成,正常,北区,祁玮,256600,18175.309999999998,0.0708312938425565,639700,465963.52,0.7284094419259028,6585.48,60.0,109.758,2697.2799999999997,4.0,674.3199999999999,85.0
M18363,东莞市久驰汽车贸易有限公司,东莞市久驰,广东省,东莞市,东莞久驰,正常,南区,张裕坤,286200,124766.89999999994,0.4359430468204051,713400,550889.71,0.7722031258760863,17136.0,78.0,219.69230769230768,52874.119999999995,0.0,,122.0
M18888,青海金团汽车销售服务有限公司,青海金团,青海省,西宁市,青海金团,正常,西区,蒋旗,302100,132158.30999999994,0.4374654419066532,753100,433160.8299999999,0.5751704023370069,16227.66,52.0,312.0703846153846,48580.11000000001,21.0,2313.338571428572,90.0
A29055,宜昌大宏汽车销售有限公司,宜昌大宏,湖北省,宜昌市,宜昌大颜,正常,中区,张哲,328600,121588.12999999996,0.3700186548995738,819100,464268.73999999993,0.5668034916371627,7344.0,64.0,114.75,59363.48999999999,15.0,3957.5659999999993,92.0
A30535,安徽泓德汽车销售服务有限公司,安徽泓德,安徽省,滁州市,安徽泓德,正常,中区,李付敬,222600,61218.73000000005,0.27501675651392654,554900,550811.8400000001,0.9926326184898181,0.0,90.0,0.0,31713.09,12.0,2642.7575,132.0
M18370,兰州金岛骄马汽车销售有限公司,兰州金岛骄马,甘肃省,兰州市,兰州金岛骄马,正常,西区,蒋旗,286000,175286.09999999992,0.6128884615384612,709000,613243.5799999998,0.8649415796897035,11985.3,76.0,157.70131578947368,74229.56000000001,11.0,6748.141818181819,124.0
M18160,十堰海阜汽车销售服务有限公司,十堰海阜,湖北省,十堰市,十堰海阜,正常,中区,张哲,243800,76706.66999999998,0.3146294913863822,607800,526699.01,0.8665663211582758,19335.9,91.0,212.4824175824176,16105.21,0.0,,111.0
M18090,襄阳建银金马汽车销售有限公司,襄阳建银金马,湖北省,襄阳市,建银集团,正常,中区,张哲,243800,50694.75000000001,0.20793580803937656,607800,261117.97999999998,0.4296116814741691,13306.86,43.0,309.4618604651163,12628.460000000001,0.0,,55.0
M18037,常熟豪骏汽车销售服务有限公司,常熟豪骏,江苏省,苏州市,,正常,东区,晏礼奎,265000,100941.76999999999,0.3809123396226415,660600,507392.82999999996,0.7680787617317589,26874.42,102.0,263.4747058823529,49452.509999999995,16.0,3090.7818749999997,133.0
A26218,乐山市联合东升汽车销售服务有限公司,乐山市联合,四川省,乐山市,乐山联合,正常,西区,卢冶金,279800,60567.29,0.21646636883488207,697600,530705.65,0.7607592459862386,17712.120000000003,81.0,218.6681481481482,8539.06,18.0,474.3922222222222,139.0
M18947,南通正马汽车销售服务有限公司,南通正马,江苏省,南通市,盐城申大,正常,东区,陈秋刚,101800,51141.869999999995,0.5023759332023575,253800,236761.63,0.9328669424743893,13449.0,37.0,363.4864864864865,18376.36,7.0,2625.194285714286,74.0
A22780,盐城申大汽车销售服务有限公司,盐城申大,江苏省,盐城市,盐城申大,正常,东区,陈秋刚,230000,91928.91000000003,0.3996909130434784,573400,448096.28,0.7814724101848622,8571.3,68.0,126.04852941176469,38312.80000000001,14.0,2736.6285714285723,108.0
M18201,贺州市均浩汽车销售有限公司,贺州市均浩,广西壮族自治区,贺州市,贺州均浩,正常,南区,薛仲锋,254400,79760.93999999999,0.31352570754716974,634200,440501.17,0.6945776884263639,0.0,39.0,0.0,38264.91,0.0,,69.0
A27235,威海悦祥汽车服务有限公司,威海悦祥,山东省,威海市,威海悦祥,正常,中区,李付敬,174100,53084.46000000001,0.3049078690407812,434000,401708.91000000003,0.9255965668202766,0.0,51.0,0.0,20709.530000000002,10.0,2070.9530000000004,84.0
A32364,淄博安华汽车销售服务有限公司,淄博安华,山东省,淄博市,淄博安华,正常,中区,李伟,254400,67739.20000000003,0.2662704402515724,634200,381545.78,0.6016174392935982,14694.6,80.0,183.6825,23995.510000000002,21.0,1142.6433333333334,155.0
A26095,太仓华洋汽车销售服务有限公司,太仓华洋,江苏省,苏州市,,正常,东区,晏礼奎,254400,42705.77000000002,0.16786859276729568,634200,293069.78,0.46210939766635134,2448.0,57.0,42.94736842105263,18564.29,0.0,,76.0
M18018,诸暨国赛汽车有限公司,诸暨国赛,浙江省,绍兴市,浙江国赛,正常,东区,李波,169600,38314.12,0.22590872641509435,422900,274247.02,0.648491416410499,6123.3,37.0,165.4945945945946,17782.74,0.0,,53.0
M18313,合肥市贺悦汽车销售服务有限公司,合肥市贺悦,安徽省,合肥市,合肥贺悦,正常,中区,李伟,212000,123905.93000000001,0.5844619339622642,528600,313007.24,0.5921438516836928,0.0,33.0,0.0,31097.15,13.0,2392.0884615384616,64.0
M18163,张家港全骏汽车销售服务有限公司,张家港全骏,江苏省,苏州市,江苏富骏,正常,东区,晏礼奎,243800,205021.5799999999,0.8409416735028707,607800,638661.7699999999,1.0507761928265875,28074.809999999998,60.0,467.91349999999994,83209.79000000002,13.0,6400.753076923079,90.0
M18138,江西金乐玛汽车销售服务有限公司,江西金乐玛,江西省,吉安市,江西金乐玛,正常,南区,王胜文,212000,47900.60000000002,0.22594622641509443,528600,342641.97000000003,0.6482065266742338,2448.0,78.0,31.384615384615383,16827.550000000003,4.0,4206.887500000001,111.0
M18371,贵州正合隆汽车销售有限公司,贵州正合隆,贵州省,贵阳市,正能量集团,正常,西区,卢冶金,302100,145501.34000000008,0.4816330354187358,753100,623332.5000000001,0.8276888859381226,7344.0,75.0,97.92,74121.65000000002,27.0,2745.2462962962973,130.0
M18927,徐州正马汽车销售服务有限公司,徐州正马,江苏省,徐州市,盐城申大,正常,东区,陈秋刚,287200,100282.36999999997,0.3491725974930361,716000,697778.84,0.9745514525139665,20348.760000000002,55.0,369.9774545454546,29616.750000000004,23.0,1287.6847826086957,107.0
M18917,河北桐响汽车贸易有限公司,河北桐响,河北省,石家庄市,河北桐响,正常,北区,祁玮,223100,59263.71999999997,0.2656374719856565,556200,393672.75,0.7077899137001079,12399.84,50.0,247.9968,20898.009999999995,9.0,2322.0011111111107,108.0
M18088,佛山智迪汽车有限公司,佛山智迪,广东省,佛山市,,正常,南区,宋扬,186600,8107.66,0.04344941050375134,465100,184290.72,0.3962389163620727,2448.0,46.0,53.21739130434783,1247.26,21.0,59.39333333333333,103.0
A22537,阜阳市广旭汽车销售服务有限公司,阜阳市广旭,安徽省,阜阳市,,正常,中区,李伟,169600,61467.80999999998,0.3624281249999999,422900,405385.98,0.9585859068337668,2448.0,51.0,48.0,25737.54,8.0,3217.1925,73.0
A13279,河北骏达汽车贸易有限公司,河北骏达汽车,河北省,石家庄市,河北郡达,正常,北区,祁玮,234300,101830.09000000005,0.43461412718736686,584100,472819.17000000004,0.8094832562917309,23641.260000000002,62.0,381.3106451612904,43704.72,13.0,3361.9015384615386,96.0
A32359,马鞍山中冠汽车销售服务有限公司,马鞍山中冠,安徽省,马鞍山市,马鞍山中冠,正常,中区,李付敬,212000,71930.19000000002,0.33929334905660385,528600,533911.9900000001,1.0100491676125616,14694.6,67.0,219.3223880597015,30147.6,18.0,1674.8666666666666,119.0
M18889,安庆瑞呈汽车销售服务有限公司,安庆瑞呈,安徽省,安庆市,芜湖瑞马,正常,中区,李付敬,222600,32585.67,0.1463866576819407,554900,208524.70999999996,0.37578790773112264,0.0,39.0,0.0,7473.0700000000015,4.0,1868.2675000000004,59.0
A32801,辽宁旺达汽车销售服务有限公司,辽宁旺达,辽宁省,鞍山市,辽宁旺达,正常,北区,鲁金泽,220100,32799.81999999999,0.14902235347569284,548700,338792.36,0.6174455257882266,2448.0,50.0,48.96,15419.599999999997,7.0,2202.7999999999997,84.0
M18960,泉州道明汽车销售服务有限公司,泉州道明,福建省,泉州市,,正常,南区,陈建民,169600,65587.42000000001,0.3867182783018869,422900,373042.94000000006,0.8821067391818398,22986.3,34.0,676.0676470588235,14904.160000000002,0.0,,67.0
M18341,株洲市华兴汽车销售服务有限公司,株洲市华兴,湖南省,株洲市,株洲华兴,正常,南区,李志杰,185500,116307.48999999999,0.6269945552560646,462400,386193.66,0.835193901384083,29713.260000000002,53.0,560.6275471698114,28118.5,2.0,14059.25,66.0
M18231,岳阳驭马汽车销售服务有限公司,岳阳驭马,湖南省,岳阳市,湖南长驰,正常,南区,李志杰,180200,33924.33000000001,0.18825932297447287,449200,369136.50000000006,0.8217642475512023,2448.0,36.0,68.0,11183.24,14.0,798.8028571428571,84.0
M18243,郴州跃马汽车销售有限公司,郴州跃马,湖南省,郴州市,湖南长驰,正常,南区,李志杰,159000,70502.00000000003,0.44340880503144675,396400,346520.67000000004,0.8741691977800203,2448.0,49.0,49.95918367346939,32438.45,1.0,32438.45,73.0
M18234,永州驭马汽车销售服务有限公司,永州驭马,湖南省,永州市,湖南长驰,正常,南区,李志杰,159000,77780.07000000002,0.48918283018867936,396400,360291.61000000004,0.9089092078708376,23201.760000000002,50.0,464.03520000000003,24262.770000000004,11.0,2205.706363636364,98.0
A19776,邢台蓝池跃龙汽车服务有限公司,邢台蓝池跃龙,河北省,邢台市,邢台蓝池,正常,北区,姜洙,188800,53780.42000000002,0.28485391949152555,470700,345116.22000000003,0.7331978330146591,2448.0,48.0,51.0,20514.079999999998,6.0,3419.013333333333,86.0
M18128,济宁骁华汽车销售服务有限公司,济宁骁华,山东省,济宁市,济宁骁华,正常,中区,李伟,190800,46927.81000000002,0.2459528825995808,475700,285868.15,0.6009420853479084,2448.0,63.0,38.857142857142854,15633.83,6.0,2605.6383333333333,94.0
M18297,邯郸德骏汽车销售有限公司,邯郸德骏,河北省,邯郸市,邯郸德骏,正常,北区,姜洙,199000,31779.340000000007,0.15969517587939702,496000,373313.50000000006,0.7526481854838711,2448.0,47.0,52.08510638297872,8158.179999999999,18.0,453.23222222222216,89.0
M18095,内蒙古鸿达汽车销售服务有限公司,内蒙古鸿达,内蒙古自治区,呼和浩特市,内蒙古鸿达,正常,北区,姜洙,168000,44152.32,0.2628114285714286,418900,216168.94000000003,0.5160394843638101,0.0,35.0,0.0,20844.500000000004,0.0,,40.0
M18246,遵义乾坤君马汽车销售有限公司,遵义乾坤君马,贵州省,遵义市,遵义乾坤,正常,西区,卢冶金,187600,55689.26000000002,0.2968510660980811,467700,256165.22000000003,0.5477126790677785,8571.3,30.0,285.71,23003.119999999995,10.0,2300.3119999999994,63.0
A28858,清远市骏昇汽车销售服务有限公司,清远市骏昇,广东省,清远市,,正常,南区,王胜文,190800,73145.91000000003,0.3833643081761008,475700,408599.8300000001,0.8589443556863571,8571.3,19.0,451.1210526315789,31625.289999999997,7.0,4517.898571428571,74.0
M18319,慈溪市新亚汽车销售服务有限公司,慈溪市新亚,浙江省,宁波市,慈溪新亚,正常,东区,陈秋刚,184400,72499.89000000001,0.3931664316702821,459800,296998.27,0.6459292518486299,6691.5,33.0,202.77272727272728,40678.17,0.0,,45.0
M18070,泰兴市天利达汽车贸易有限公司,泰兴市天利达,江苏省,泰州市,天字集团,正常,东区,钱曦,201400,104508.12999999995,0.5189082919563056,502100,462722.89999999997,0.9215751842262497,0.0,42.0,0.0,54982.87000000002,7.0,7854.695714285716,73.0
M18898,南充创达丰汽车服务有限公司,南充创达丰,四川省,南充市,南充创达,正常,西区,陈莉,196100,51992.38,0.26513197348291684,488900,322373.74,0.6593858457762324,27124.98,31.0,874.9993548387097,7101.650000000001,11.0,645.6045454545455,58.0
M18935,福州龙驭汽车销售服务有限公司,福州龙驭,福建省,福州市,,正常,南区,陈建民,243800,68884.59,0.2825454881050041,607800,436151.87,0.7175910990457387,22038.6,79.0,278.9696202531645,22898.940000000002,7.0,3271.277142857143,115.0
M18195,青岛海昌汽车销售有限公司,青岛海昌,山东省,青岛市,青岛安隆达,正常,中区,李付敬,174900,30254.520000000004,0.1729818181818182,436100,261292.78000000003,0.5991579454253613,0.0,31.0,0.0,13211.37,2.0,6605.685,47.0
M18362,东莞市通华汽车销售服务有限公司,东莞市通华,广东省,东莞市,深圳通利华,正常,南区,张裕坤,190800,129063.24999999991,0.6764321278825991,475700,459529.54999999993,0.966007042253521,7344.0,16.0,459.0,76388.76000000002,0.0,,42.0
M18137,宿迁永泓汽车销售服务有限公司,宿迁永泓,江苏省,宿迁市,宿迁永泓,正常,东区,钱曦,176000,63311.13,0.3597223295454545,438800,434081.7,0.9892472652689153,6123.3,20.0,306.165,28242.829999999994,0.0,,42.0
M18902,许昌吉运汽车销售服务有限公司,许昌吉运,河南省,许昌市,许昌吉运,正常,中区,倪超,212000,62034.55999999999,0.2926158490566037,528600,330302.81,0.6248634317063942,4896.0,62.0,78.96774193548387,34343.04999999999,5.0,6868.609999999998,115.0
M18326,南阳兴业汽车销售服务有限公司,南阳兴业,河南省,南阳市,,正常,中区,倪超,121900,58471.530000000006,0.47966800656275643,303900,245875.31999999998,0.8090665350444224,8571.3,41.0,209.0560975609756,25566.18,2.0,12783.09,57.0
M18239,丽水旺昌汽车销售服务有限公司,丽水旺昌,浙江省,丽水市,,正常,东区,陈秋刚,187600,37500.57000000001,0.1998964285714286,467700,322004.01,0.6884840923669019,0.0,46.0,0.0,14201.92,1.0,14201.92,67.0
M18218,包头市鸿燕福达汽车销售服务有限公司,包头市鸿燕福,内蒙古自治区,包头市,内蒙古鸿达,正常,北区,姜洙,156400,66300.6,0.42391687979539644,389800,298966.7,0.7669746023601848,24216.18,36.0,672.6716666666666,25331.590000000004,0.0,,48.0
A26216,揭阳恒诚汽车贸易有限公司,揭阳恒诚,广东省,揭阳市,,正常,南区,张裕坤,159000,69733.74000000002,0.4385769811320756,396400,336353.81000000006,0.8485212159434916,12246.6,38.0,322.2789473684211,34259.77,16.0,2141.235625,78.0
A28381,潮州市德隆汽车贸易有限公司,潮州市德隆,广东省,潮州市,潮州德隆,正常,南区,张裕坤,148400,78478.87999999998,0.5288334231805928,370000,339224.51,0.916823,7347.96,31.0,237.03096774193548,31900.230000000003,5.0,6380.046,69.0
M18232,株洲同达汽车销售服务有限公司,株洲同达,湖南省,株洲市,湖南长驰,正常,南区,李志杰,116600,74056.49999999999,0.6351329331046311,290700,209839.26,0.7218412796697626,14881.289999999999,40.0,372.03225,17773.890000000003,8.0,2221.7362500000004,61.0
M18328,焦作双达汽车销售服务有限公司,焦作双达,河南省,焦作市,焦作双达,正常,中区,倪超,180200,80655.34000000004,0.44758790233074386,449200,314487.44,0.7001056099732859,16975.56,35.0,485.016,36553.46,9.0,4061.4955555555553,76.0
M18915,临沂长驰汽车销售服务有限公司,临沂长驰,山东省,临沂市,湖南长驰,正常,中区,李伟,143100,39955.600000000006,0.279214535290007,356700,212773.19999999998,0.5965046257359125,23244.9,42.0,553.45,16646.25,0.0,,71.0
M18230,九江景润汽车销售服务有限公司,九江景润,江西省,九江市,,正常,南区,王胜文,106000,28289.769999999993,0.26688462264150936,264400,171766.53,0.649646482602118,2448.0,40.0,61.2,12807.519999999999,9.0,1423.0577777777776,59.0
M18922,东莞市众强贸易有限公司,东莞众强,广东省,东莞市,东莞众强,正常,南区,张裕坤,127200,21359.950000000004,0.1679241352201258,317200,137322.24000000002,0.432920050441362,2448.0,17.0,144.0,6218.24,6.0,1036.3733333333332,47.0
M18247,北京东南得利卡汽车贸易有限公司,北京东南得利,北京市,北京市,北京东南得利卡,正常,北区,祁玮,168500,30652.55,0.18191424332344214,420200,281426.73,0.669744716801523,0.0,31.0,0.0,9812.83,1.0,9812.83,41.0
M18071,韶关市荣和通达汽车贸易有限公司,韶关市荣和通,广东省,韶关市,胡列杰,正常,南区,张裕坤,127200,49641.05999999998,0.3902599056603772,317200,250821.90999999997,0.7907374211853719,0.0,19.0,0.0,26819.809999999998,7.0,3831.4014285714284,38.0
M18911,伊宁市笑好泓源汽车服务有限公司,伊宁市笑好,新疆维吾尔自治区,伊犁哈萨克自治州,,正常,西区,蔡永生,118700,93.2,0.0007851727042965459,296000,131256.18000000002,0.4434330405405406,0.0,14.0,0.0,0.0,3.0,0.0,23.0
M18265,洛阳隆马汽车销售服务有限公司,洛阳隆马,河南省,洛阳市,洛阳隆马,正常,中区,倪超,159000,52377.59999999999,0.32941886792452824,396400,249230.70999999996,0.6287353935418768,17607.48,34.0,517.8670588235294,10289.780000000002,0.0,,48.0
M18259,宜春驭盛汽车服务有限公司,宜春驭盛,江西省,宜春市,湖南长驰,正常,南区,王胜文,106000,40190.5,0.3791556603773585,264400,273316.39,1.03372310892587,4896.0,19.0,257.6842105263158,9588.31,5.0,1917.6619999999998,42.0
M18919,唐山丰玮汽车贸易有限公司,唐山丰玮,河北省,唐山市,唐山丰玮,正常,北区,祁玮,117100,32019.740000000013,0.2734392826643895,292000,195543.00000000003,0.6696678082191782,0.0,24.0,0.0,12970.11,0.0,,42.0
M18175,巴州四季秋林汽车销售有限公司,巴州四季秋林,新疆维吾尔自治区,巴音郭楞蒙古自治州,新疆广利,正常,西区,蔡永生,135700,69746.51000000002,0.5139757553426678,338300,234478.59000000003,0.6931084540348803,2448.0,21.0,116.57142857142857,42992.05,3.0,14330.683333333334,43.0
M18897,沧州仓安汽车销售服务有限公司,沧州仓安汽车,河北省,沧州市,沧州仓安,正常,北区,鲁金泽,115300,69965.86000000002,0.6068157849089334,287500,253914.16,0.8831796869565217,7089.3,14.0,506.37857142857143,34756.48,3.0,11585.493333333334,42.0
M18255,孝感景帆汽车销售服务有限公司,孝感景帆,湖北省,孝感市,孝感景帆,正常,中区,张哲,148400,19454.670000000002,0.1310961590296496,370000,116936.33,0.31604413513513513,2448.0,17.0,144.0,5258.110000000001,0.0,,27.0
M18958,六安市泰源汽车销售服务有限公司,六安市泰源,安徽省,六安市,合肥贺悦,正常,中区,李伟,180200,27448.230000000003,0.15232092119866816,449200,265741.94,0.5915893588601959,2448.0,22.0,111.27272727272727,17814.82,2.0,8907.41,30.0
M18954,贵阳京正鸿汽车销售服务有限公司,贵阳京正鸿,贵州省,贵阳市,云南正集众,正常,西区,卢冶金,239500,155732.98999999996,0.6502421294363255,597200,561160.26,0.939652143335566,21783.9,33.0,660.1181818181818,58205.25000000001,1.0,58205.25000000001,55.0
M18169,莆田龙益汽车销售服务有限公司,莆田龙益,福建省,莆田市,福州龙益,正常,南区,陈建民,106000,24648.44,0.23253245283018867,264400,192601.94,0.7284490922844176,0.0,43.0,0.0,3348.45,5.0,669.6899999999999,75.0
M18206,大连盛瑞行汽车有效公司,大连盛瑞行,辽宁省,大连市,大连盛瑞行,正常,北区,唐宏宇,92200,25859.03000000001,0.2804667028199567,230000,163746.57,0.7119416086956522,0.0,19.0,0.0,11401.060000000001,5.0,2280.2120000000004,32.0
M18896,阿克苏笑好信恒汽车销售服务有限公司,阿克苏笑好,新疆维吾尔自治区,阿克苏地区,笑好集团,正常,西区,蔡永生,108100,41147.969999999994,0.38064727104532836,269500,198136.37999999998,0.7351999257884971,0.0,13.0,0.0,9678.149999999998,4.0,2419.5374999999995,28.0
M18067,呼伦贝尔市恒润汽车贸易有限公司,呼伦贝尔恒润,内蒙古自治区,呼伦贝尔市,呼伦贝尔恒润,正常,北区,姜洙,81200,16134.07,0.1986954433497537,202500,135487.27000000002,0.6690729382716051,1380.54,20.0,69.027,5012.7,5.0,1002.54,34.0
M18222,承德浩驰汽车销售服务有限公司,承德浩驰,河北省,承德市,承德浩驰,正常,北区,鲁金泽,63600,2252.12,0.035410691823899366,158700,95536.57999999999,0.6019948330182734,2448.0,14.0,174.85714285714286,990.92,0.0,,22.0
M18286,日照市佰世达汽车销售服务有限公司,日照市佰世达,山东省,日照市,日照佰世达,正常,中区,李付敬,68900,16944.4,0.24592743105950654,171900,157848.59,0.9182582315299592,2448.0,19.0,128.8421052631579,11151.93,0.0,,33.0
M23001,佳木斯嘉达汽车销售服务有限公司,佳木斯嘉达,黑龙江省,佳木斯市,佳木斯嘉达,正常,北区,邵传海,91800,25439.8,0.27712200435729845,229000,107908.99,0.4712182969432315,1380.54,22.0,62.75181818181818,10798.43,1.0,10798.43,35.0
M18952,吉林市铭航汽车销售服务有限公司,吉林市铭航,吉林省,吉林市,吉林铭航,正常,北区,唐宏宇,58500,67582.79000000001,1.1552613675213677,145900,192772.74,1.3212662097326935,7089.3,7.0,1012.7571428571429,25543.549999999996,7.0,3649.0785714285707,21.0
M18267,阜新鑫鑫汽车销售服务有限公司,阜新鑫鑫,辽宁省,阜新市,阜新鑫鑫,正常,北区,鲁金泽,0,0.0,,0,0.0,,1224.0,0.0,,0.0,0.0,,0.0
M18920,漳州凯鑫汽车贸易有限公司,漳州凯鑫,福建省,漳州市,漳州凯鑫,正常,南区,陈建民,53000,24075.040000000005,0.45424603773584915,132200,61361.5,0.4641565809379728,0.0,9.0,0.0,10241.02,2.0,5120.51,30.0
M18939,连云港佳成汽车销售有限公司,连云港佳成,江苏省,连云港市,连云港佳成,正常,东区,钱曦,165900,88645.91000000006,0.5343333936106092,413600,382481.2200000001,0.9247611702127662,9038.94,41.0,220.4619512195122,26450.519999999997,9.0,2938.9466666666663,86.0
M18912,西藏鼎恒实业有限公司,西藏鼎恒实业,西藏自治区,拉萨市,西藏鼎恒,正常,西区,孔立刚,36100,2087.6,0.05782825484764543,89900,26334.89,0.2929353726362625,0.0,0.0,,0.0,0.0,,0.0
M18959,菏泽佳谊订单中心,菏泽佳谊订单中心,山东省,菏泽市,山东林豪,正常,中区,李伟,84800,54120.74999999999,0.6382163915094339,211500,177696.76,0.8401738061465721,14213.88,19.0,748.098947368421,22619.62,6.0,3769.9366666666665,43.0
M18964,新乡市弘森汽车销售服务有限公司,新乡市弘森,河南省,新乡市,,正常,中区,倪超,137800,46633.0,0.33841074020319306,343600,264784.62,0.7706188009313155,8894.4,48.0,185.29999999999998,9211.81,13.0,708.6007692307692,87.0
M18945,汉中骏逸鑫逸汽车销售服务有限公司 ,汉中骏逸鑫逸,陕西省,汉中市,汉中骏逸鑫逸,正常,西区,李兴坤,129300,72775.37000000001,0.5628412219644239,322400,248027.69,0.7693166563275434,0.0,3.0,0.0,45127.430000000015,0.0,,4.0
M18083,镇江天佑汽车销售服务有限公司,镇江天佑,江苏省,镇江市,南京天和,正常,东区,钱曦,318000,10593.539999999999,0.033313018867924524,792800,166791.63,0.2103829843592331,2448.0,23.0,106.43478260869566,168.14,1.0,168.14,30.0
M18966,宝鸡福瑞腾汽车销售服务有限公司,宝鸡福瑞腾,陕西省,宝鸡市,,正常,西区,李兴坤,140000,20769.64,0.14835457142857142,360000,240220.16999999998,0.66727825,0.0,5.0,0.0,11740.390000000001,2.0,5870.195000000001,19.0
M18965,泸州长马一鸣汽车贸易有限公司,泸州长马,四川省,泸州市,,正常,西区,卢冶金,76300,12307.86,0.16130878112712976,190300,131550.56,0.6912798738833421,6123.3,8.0,765.4125,2482.86,0.0,,16.0
M18962,梅州市华璟新能源汽车有限公司,梅州华璟新能源,广东省,梅州市,,正常,南区,张裕坤,53000,28228.56000000002,0.5326143396226419,132200,62649.06000000002,0.4738960665658095,0.0,0.0,,15849.09,0.0,,7.0
M18969,商丘腾驭汽车销售服务有限公司,商丘腾驭,河南省,商丘市,,正常,中区,倪超,63600,15485.470000000001,0.24348223270440253,158700,110087.81,0.6936850031505986,0.0,21.0,0.0,4001.2200000000003,0.0,,37.0
M18971,濮阳市利镇汽车销售有限公司,濮阳利镇,河南省,濮阳市,,正常,中区,倪超,31800,3736.85,0.11751100628930818,79400,33559.979999999996,0.4226697732997481,0.0,3.0,0.0,1702.58,0.0,,6.0
M18976,茂名市百润新能源汽车销售服务有限公司,茂名市百润新能源,广东省,茂名市,,正常,南区,宋扬,106000,27882.600000000006,0.26304339622641515,264400,64043.66,0.24222261724659608,0.0,0.0,,7371.310000000001,0.0,,0.0
M18981,扬州上辰汽车销售服务有限公司,扬州上辰,江苏省,扬州市,,正常,东区,钱曦,0,136114.66999999998,,0,142521.61,,51646.44,,,,,,
A13313,宁波万事得汽车有限公司,宁波万事得,浙江省,宁波市,,正常,东区,李波,95400,0.0,0.0,237900,0.0,0.0,0.0,0.0,,0.0,0.0,,0.0
M18972,聊城驭马汽车销售服务有限公司,聊城驭马,山东省,聊城市,,正常,中区,李伟,111300,48521.93000000001,0.43595624438454633,277500,207640.24,0.7482531171171171,2771.1,0.0,,19750.220000000005,0.0,,0.0
M18167,北海瑞祥盛汽车销售服务有限公司,北海瑞祥盛,广西壮族自治区,北海市,,退网,南区,薛仲锋,212000,56459.57999999999,0.2663187735849056,528600,378100.11,0.7152858683314415,13212.6,42.0,314.5857142857143,24262.819999999996,13.0,1866.370769230769,86.0
M18221,贵港万马汽车销售服务有限公司,贵港万马,广西壮族自治区,贵港市,,退网,南区,薛仲锋,212000,86852.77,0.40968287735849057,528600,375957.81000000006,0.7112330874006811,15897.0,46.0,345.5869565217391,31206.999999999996,9.0,3467.444444444444,90.0
M18617,武汉龙泰汽车销售服务有限公司,武汉龙泰,湖北省,武汉市,,退网,中区,张哲,0,57267.77000000002,,0,210922.86000000002,,0.0,63.0,0.0,15942.720000000001,1.0,15942.720000000001,71.0
M18242,邵阳驭马汽车销售服务有限公司,邵阳驭马,湖北省,邵阳市,,退网,南区,李志杰,53000,94307.93999999996,1.779395094339622,132200,433731.86,3.280876399394856,14694.6,61.0,240.89508196721312,44917.44,1.0,44917.44,79.0
A21357,泸州安马车业有限公司,泸州安马,四川省,泸州市,,退网,西区,卢冶金,0,112096.45000000004,,0,351879.45000000007,,6123.3,26.0,235.51153846153846,41298.570000000014,0.0,,27.0
M18121,扬州天盛达汽车贸易有限公司,扬州天盛达,江苏省,扬州市,,退网,东区,钱曦,0,37333.67,,0,147067.47999999998,,14178.6,47.0,301.6723404255319,8299.22,0.0,,53.0
M18382,哈尔滨乾丰汽车销售服务有限责任公司,哈尔滨乾丰,黑龙江省,哈尔滨市,,退网,北区,邵传海,98400,16488.380000000005,0.16756483739837402,245400,158820.28,0.6471894050529747,22032.0,48.0,459.0,4576.040000000001,14.0,326.86000000000007,80.0
M18217,宣城瑞冠汽车销售有限公司,宣城瑞冠,安徽省,宣城市,,退网,中区,李付敬,79500,23713.040000000005,0.2982772327044026,198200,40051.670000000006,0.20207704339051466,2448.0,73.0,33.534246575342465,3309.59,0.0,,83.0
A22778,宜兴市苏源汽车销售服务有限公司,宜兴市苏源,江苏省,无锡市,,退网,东区,晏礼奎,84800,76961.01000000004,0.9075590801886797,211500,324280.57000000007,1.5332414657210405,8571.3,27.0,317.4555555555555,41140.39,0.0,,34.0
M18233,泰安金马汽车销售服务有限公司,泰安金马,山东省,泰安市,,退网,中区,李伟,106000,17231.67,0.16256292452830187,264400,99851.21,0.3776520801815431,0.0,43.0,0.0,5494.88,8.0,686.86,59.0
M18179,廊坊市永昂汽车销售有限公司,廊坊市永昂,河北省,廊坊市,,退网,北区,邵传海,76300,19903.130000000005,0.26085360419397124,190300,141053.8,0.7412180767209668,2448.0,15.0,163.2,8963.289999999999,5.0,1792.658,23.0
M18209,张家口耀祥汽车销售有限公司,张家口耀祥,河北省,张家口市,,退网,北区,鲁金泽,137800,57807.90000000001,0.4195058055152395,343600,226501.26,0.6592004074505239,18782.88,37.0,507.6454054054054,25620.13,5.0,5124.026,45.0
A18056,赤峰新雅迪汽车销售服务有限公司,赤峰新雅迪,内蒙古自治区,赤峰市,赤峰新雅迪,退网,北区,姜洙,172000,27588.64,0.16039906976744187,428800,339439.51,0.7916033348880597,13212.6,32.0,412.89375,6365.210000000001,12.0,530.4341666666668,56.0
M18075,苏州恒昌汽车销售有限公司,苏州恒昌,江苏省,苏州市,瀚龙集团,退网,东区,晏礼奎,0,0.0,,0,190946.65,,4488.0,0.0,,0.0,0.0,,0.0
A19795,衢州龙达汽车销售服务有限公司,衢州龙达,浙江省,衢州市,,退网,东区,陈秋刚,139900,81188.36,0.5803313795568263,348900,381750.27,1.094153826311264,20301.9,85.0,238.8458823529412,17855.82,0.0,,106.0
