经销商代码,经销商名称,营销大区,服务大区,销服中心组长,区域服务经理,本月已结算总额,本月未结算总额,本月总采购金额,危化品,Unnamed: 10,Unnamed: 11,Unnamed: 12
全国,全国,全国,全国,全国,全国,21508007.599999994,3290341.36,24798348.959999993,0.0,24798348.96,,
东区,东区,东区,东区,东区,东区,6155929.669999998,1121755.84,7277685.509999998,,7277685.509999998,,
南区,南区,南区,南区,南区,南区,6973179.609999997,861813.1699999998,7834992.779999997,,7834992.779999997,,
西区,西区,西区,西区,西区,西区,3660517.749999999,506093.08999999985,4166610.839999999,,4166610.839999999,,
北区,北区,北区,北区,北区,北区,2195812.000000001,326761.01000000007,2522573.010000001,,2522573.010000001,,
中区,中区,中区,中区,中区,中区,2522568.5699999994,473918.2500000002,2996486.8199999994,,2996486.8199999994,,
,,,,南一区,南一区,4991226.689999998,599450.39,5590677.079999997,,5590677.079999997,,
,,,,南二区,南二区,1913134.9600000002,237710.72,2150845.68,,2150845.68,,
,,,,西一区,西一区,2020708.109999999,329500.89999999997,2350209.009999999,,2350209.009999999,,
,,,,西二区,西二区,1320789.7999999993,145947.92,1466737.7199999993,,1466737.7199999993,,
A15217,杭州骏田汽车有限公司,东区,东区,,,357887.78999999934,115953.81999999999,473841.60999999935,,473841.60999999935,,
A13475,西安骏雄汽车销售服务有限公司,西区,西二区,,,239233.41999999984,27382.0,266615.4199999998,,266615.4199999998,,
M18954,贵阳京正鸿汽车销售服务有限公司,西区,西区,,,132627.94999999995,23105.04,155732.98999999996,,155732.98999999996,,
M18958,六安市泰源汽车销售服务有限公司,中区,中区,,,25935.840000000004,1512.39,27448.230000000003,,27448.230000000003,,
A13311,宁波鑫之源汽车有限公司,东区,东区,,,290167.20999999973,39563.850000000006,329731.0599999997,,329731.0599999997,,
A15775,广州市华灵汽车销售有限公司,南区,南一区,,,0.0,0.0,0.0,,0.0,,
A13297,常州外汽永嘉汽车销售服务有限公司,东区,东区,,,172690.56999999986,4889.18,177579.74999999985,,177579.74999999985,,
A18077,深圳通利华福滨汽车服务有限公司,南区,南一区,,,279155.61999999976,45918.84,325074.45999999973,,325074.45999999973,,
M18892,辽宁驰敖中联汽车销售服务有限公司,北区,北区,,,164337.92000000004,44139.64,208477.56000000006,,208477.56000000006,,
A13343,深圳通利华宝安汽车销售服务有限公司,南区,南一区,,,418263.10999999905,1956.39,420219.49999999907,,420219.49999999907,,
A14837,无锡市东方运达汽车销售服务有限公司,东区,东区,,,163299.50999999998,4620.0,167919.50999999998,,167919.50999999998,,
A27896,青岛安隆达汽车销售有限公司,中区,中区,,,136583.33000000002,15087.12,151670.45,,151670.45,,
A22796,陕西广行汽车销售服务有限公司,西区,西二区,,,231689.99999999968,16197.230000000001,247887.2299999997,,247887.2299999997,,
M18038,北京仁正利成汽车销售服务有限公司,北区,北区,,,123551.25000000001,11959.58,135510.83000000002,,135510.83000000002,,
A28856,重庆银马汽车销售服务有限公司,西区,西一区,,,251055.3899999998,43185.600000000006,294240.9899999998,,294240.9899999998,,
A13136,新疆天汇永达汽车销售服务有限责任公司,西区,西二区,,,0.0,0.0,0.0,,0.0,,
A15935,贵州康众汽车销售服务有限公司,西区,西一区,,,0.0,0.0,0.0,,0.0,,
A17997,武汉银马汽车销售有限公司,中区,中区,,,202902.61999999985,75974.20999999999,278876.82999999984,,278876.82999999984,,
M18538,上海交运起荣汽车销售服务有限公司,东区,东区,,,116171.61999999998,25114.940000000002,141286.56,,141286.56,,
M18613,广州博程汽车有限公司,南区,南一区,,,45762.40999999999,16298.79,62061.19999999999,,62061.19999999999,,
A13305,成都东成安邦汽车销售服务有限公司,西区,西一区,,,130215.36999999995,26092.04,156307.40999999995,,156307.40999999995,,
M18537,上海路帅汽车销售有限公司,东区,东区,,,122377.91999999994,14836.66,137214.57999999993,,137214.57999999993,,
A13308,义乌市祥马汽车销售服务有限公司,东区,东区,,,201225.74999999994,22119.11,223344.85999999993,,223344.85999999993,,
A13316,台州通利达汽车有限公司,东区,东区,,,0.0,0.0,0.0,,0.0,,
A13342,珠海市新通达汽车销售服务有限公司,南区,南一区,,,243433.56999999992,31258.44,274692.0099999999,,274692.0099999999,,
A13291,南京天和汽车销售服务有限公司,东区,东区,,,512190.2699999999,68239.6,580429.8699999999,,580429.8699999999,,
A13302,合肥建银海康达汽车销售有限公司,中区,中区,,,134396.93999999986,10158.820000000002,144555.75999999986,,144555.75999999986,,
A13339,惠州市通力达汽车销售服务有限公司,南区,南一区,,,297505.1199999999,53239.61,350744.72999999986,,350744.72999999986,,
A15940,昆明京源达汽车销售有限责任公司,西区,西一区,,,277543.92999999976,20254.74,297798.66999999975,,297798.66999999975,,
M18520,嘉兴市禾通汽车销售服务有限公司,东区,东区,,,119200.11000000006,0.0,119200.11000000006,,119200.11000000006,,
A13544,昆山富骏汽车销售服务有限公司,东区,东区,,,226026.31999999975,91628.98999999999,317655.3099999997,,317655.3099999997,,
M18347,海南优之杰汽车有限公司,南区,南一区,,,0.0,0.0,0.0,,0.0,,
M18333,无锡荣事达汽车贸易服务有限公司,东区,东区,,,166820.31999999983,30161.949999999997,196982.26999999984,,196982.26999999984,,
M18238,衡阳致瑞汽车销售服务有限公司,南区,南二区,,,184605.0299999999,13001.67,197606.69999999992,,197606.69999999992,,
M18026,南京天瑞汽车销售服务有限公司,东区,东区,,,104898.07000000002,17021.57,121919.64000000001,,121919.64000000001,,
A24515,上海弘绅汽车销售服务有限公司,东区,东区,,,122016.33000000002,5935.63,127951.96000000002,,127951.96000000002,,
A19795,衢州龙达汽车销售服务有限公司,东区,东区,,,57150.950000000004,24037.41,81188.36,,81188.36,,
M18220,上海苏源汽车销售服务有限公司,东区,东区,,,123133.84000000007,9176.0,132309.84000000008,,132309.84000000008,,
M18515,绍兴瑞达汽车有限公司,东区,东区,,,0.0,0.0,0.0,,0.0,,
M18270,山东惠骋汽车贸易有限公司,中区,中区,,,130050.45999999999,36739.8,166790.26,,166790.26,,
M18393,浙江元通瑞达汽车有限公司,东区,东区,,,0.0,0.0,0.0,,0.0,,
A13314,海口优之杰汽车服务有限公司,南区,南一区,,,323774.15999999974,46741.4,370515.55999999976,,370515.55999999976,,
A22780,盐城申大汽车销售服务有限公司,东区,东区,,,81664.12000000002,10264.79,91928.91000000003,,91928.91000000003,,
A13300,泰州天顺达汽车贸易有限公司,东区,东区,,,74901.09,36530.7,111431.79,,111431.79,,
A13258,江西江铃海外马自达汽车销售服务有限公司,南区,南二区,,,375797.94,0.0,375797.94,,375797.94,,
M18285,吉林省仁德汽车销售服务有限公司,北区,北区,,,95573.32,14584.28,110157.6,,110157.6,,
M18581,陕西唐兴汽车销售服务有限公司,西区,西二区,,,0.0,0.0,0.0,,0.0,,
M18617,武汉龙泰汽车销售服务有限公司,中区,中区,,,57267.77000000002,0.0,57267.77000000002,,57267.77000000002,,
M18561,四川中鹏汽车销售服务有限公司,西区,西一区,,,281462.24999999965,19784.03,301246.2799999997,,301246.2799999997,,
A18055,吉林省瑞祥汽车销售服务有限公司,北区,北区,,,38843.909999999996,0.0,38843.909999999996,,38843.909999999996,,
M18121,扬州天盛达汽车贸易有限公司,东区,东区,,,19172.869999999995,18160.8,37333.67,,37333.67,,
M18276,辽宁福达汽车销售服务有限公司,北区,北区,,,95508.72,12106.02,107614.74,,107614.74,,
A13310,重庆市渝高汽车销售服务有限公司,西区,西一区,,,0.0,0.0,0.0,,0.0,,
M18190,河南小伙伴汽车销售有限公司,中区,中区,,,125339.07000000004,27011.710000000006,152350.78000000003,,152350.78000000003,,
M18278,吉林省华达汽车销售服务有限公司,北区,北区,,,0.0,0.0,0.0,,0.0,,
M18349,广西鑫广达汽车销售服务有限公司,南区,南一区,,,318229.38999999966,0.0,318229.38999999966,,318229.38999999966,,
M18014,舟山凯桥汽车销售有限公司,东区,东区,,,94926.73,17453.46,112380.19,,112380.19,,
M18118,赣州腾马汽车服务有限公司,南区,南二区,,,117006.66000000002,8601.69,125608.35000000002,,125608.35000000002,,
M18895,四川申蓉泓瑞汽车销售服务有限公司,西区,西一区,,,0.0,0.0,0.0,,0.0,,
A13289,大连众联达贸易有限公司,北区,北区,,,157387.41,18335.25,175722.66,,175722.66,,
A13776,浙江裕菲汽车销售服务有限公司,东区,东区,,,327204.7799999994,70846.98000000003,398051.7599999994,,398051.7599999994,,
M18078,瑞安市深发汽车销售服务有限公司,东区,东区,,,132804.87,6668.54,139473.41,,139473.41,,
M18009,桂林鑫广达博骏汽车销售服务有限公司,南区,南一区,,,142227.33,29139.989999999998,171367.31999999998,,171367.31999999998,,
M18526,上海景和金沙汽车销售有限公司,东区,东区,,,79185.40000000005,26605.830000000005,105791.23000000005,,105791.23000000005,,
A13265,武汉龙泰元汽车销售服务有限公司,中区,中区,,,140211.53000000006,15547.809999999998,155759.34000000005,,155759.34000000005,,
A21357,泸州安马车业有限公司,西区,西一区,,,105973.15000000004,6123.3,112096.45000000004,,112096.45000000004,,
M18122,广州市东富汽车销售服务有限公司,南区,南一区,,,0.0,0.0,0.0,,0.0,,
M18025,肇庆美轮庆达汽车有限公司,南区,南一区,,,97258.42,8018.72,105277.14,,105277.14,,
M18075,苏州恒昌汽车销售有限公司,东区,东区,,,0.0,0.0,0.0,,0.0,,
A13340,中山市万事得汽车销售服务有限公司,南区,南一区,,,146390.06000000006,11553.81,157943.87000000005,,157943.87000000005,,
M18922,东莞众强,南区,南一区,,,20687.740000000005,672.2099999999999,21359.950000000004,,21359.950000000004,,
M18207,哈尔滨骏骥汽车销售服务有限公司,北区,北区,,,0.0,0.0,0.0,,0.0,,
M18217,宣城瑞冠汽车销售有限公司,中区,中区,,,20591.840000000004,3121.2,23713.040000000005,,23713.040000000005,,
A18937,湖州长鸿汽车销售服务有限公司,东区,东区,,,0.0,0.0,0.0,,0.0,,
A13318,广西鑫广达长久汽车销售服务有限公司,南区,南一区,,,0.0,0.0,0.0,,0.0,,
M18571,重庆万事新汽车销售服务有限公司,西区,西一区,,,154327.93999999994,0.0,154327.93999999994,,154327.93999999994,,
M18522,苏州浚和汽车销售服务有限公司,东区,东区,,,0.0,0.0,0.0,,0.0,,
M18003,重庆金团汽车销售服务有限公司,西区,西一区,,,147604.95999999988,42800.41000000001,190405.36999999988,,190405.36999999988,,
M18196,陕西骏威汽车销售服务有限公司,西区,西二区,,,137323.73999999996,29043.43,166367.16999999995,,166367.16999999995,,
M18245,常德汇智汽车销售服务有限公司,南区,南二区,,,106032.43000000002,38622.700000000004,144655.13000000003,,144655.13000000003,,
M18224,广州市福马汽车销售服务有限公司,南区,南一区,,,187974.77000000005,40488.3,228463.07000000007,,228463.07000000007,,
M18049,芜湖瑞马汽车销售服务有限公司,中区,中区,,,61772.369999999995,40531.39,102303.76,,102303.76,,
M18511,温州将军汽车销售服务有限公司,东区,东区,,,107587.26000000001,7353.300000000001,114940.56000000001,,114940.56000000001,,
M18052,咸阳伟益汽车销售服务有限公司,西区,西二区,,,163267.89999999985,26788.16,190056.05999999985,,190056.05999999985,,
A19775,连云港报业汽车销售服务有限公司,东区,东区,,,0.0,0.0,0.0,,0.0,,
M18069,中国长安汽车集团天津销售有限公司,北区,北区,,,37376.39,15866.8,53243.19,,53243.19,,
M18521,吴江市东顺汽车销售服务有限公司,东区,东区,,,0.0,0.0,0.0,,0.0,,
A15497,福州龙益汽车销售服务有限公司,南区,南二区,,,59265.44,53739.890000000014,113005.33000000002,,113005.33000000002,,
A30535,安徽泓德汽车销售服务有限公司,中区,中区,,,61218.73000000005,0.0,61218.73000000005,,61218.73000000005,,
M18279,大连百利加汽车贸易有限公司,北区,北区,,,0.0,0.0,0.0,,0.0,,
M18365,中山市中达汽车销售服务有限公司,南区,南一区,,,123136.59999999996,11281.14,134417.73999999996,,134417.73999999996,,
M18331,淮安市宏宇翔舜汽车销售服务有限公司,东区,东区,,,170803.74,22100.690000000002,192904.43,,192904.43,,
M18351,广东物通驭达汽车有限公司,南区,南一区,,,137803.09000000003,13917.92,151721.01000000004,,151721.01000000004,,
M18099,山西马博士汽车销售有限公司,北区,北区,,,186272.31999999992,1114.86,187387.1799999999,,187387.1799999999,,
M18305,北京首汽腾达汽车销售服务有限公司,北区,北区,,,0.0,0.0,0.0,,0.0,,
M18055,东莞市莞泰通益汽车销售服务有限公司,南区,南一区,,,0.0,0.0,0.0,,0.0,,
A26215,桐乡市振华汽车贸易有限公司,东区,东区,,,101034.64,740.3000000000001,101774.94,,101774.94,,
M18911,伊宁市笑好泓源汽车服务有限公司,西区,西区,,,93.2,0.0,93.2,,93.2,,
A13558,绵阳星鸿达汽车销售服务有限公司,西区,西一区,,,169564.21999999986,53065.030000000006,222629.24999999985,,222629.24999999985,,
M18382,哈尔滨乾丰汽车销售服务有限责任公司,北区,北区,,,16488.380000000005,0.0,16488.380000000005,,16488.380000000005,,
A13261,潍坊东裕车业发展有限公司,中区,中区,,,56148.899999999994,51026.56,107175.45999999999,,107175.45999999999,,
A13341,佛山海迪汽车有限公司,南区,南一区,,,130697.80999999992,6123.3,136821.10999999993,,136821.10999999993,,
M18108,三亚优之杰汽车销售服务有限公司,南区,南一区,,,0.0,0.0,0.0,,0.0,,
A29055,宜昌大宏汽车销售有限公司,中区,中区,,,117022.34999999996,4565.78,121588.12999999996,,121588.12999999996,,
A15116,柳州鑫广达博骏汽车销售服务有限公司,南区,南一区,,,185420.19999999992,27649.86,213070.05999999994,,213070.05999999994,,
M18320,海宁市禾通汽车销售服务有限公司,东区,东区,,,0.0,0.0,0.0,,0.0,,
M18533,张家港通城汽车销售服务有限公司,东区,东区,,,0.0,0.0,0.0,,0.0,,
A26715,福建源和汽车销售服务有限公司,南区,南二区,,,0.0,0.0,0.0,,0.0,,
A13313,宁波万事得汽车有限公司,东区,东区,,,0.0,0.0,0.0,,0.0,,
M18299,石家庄市冀东汽车贸易有限公司,北区,北区,,,0.0,0.0,0.0,,0.0,,
A17996,苏州瀚龙汽车销售有限公司,东区,东区,,,190419.9099999998,48477.60999999999,238897.5199999998,,238897.5199999998,,
A22537,阜阳市广旭汽车销售服务有限公司,中区,中区,,,57300.61999999998,4167.1900000000005,61467.80999999998,,61467.80999999998,,
M18180,南京天辉汽车销售服务有限公司,东区,东区,,,164635.53000000006,15364.460000000001,179999.99000000005,,179999.99000000005,,
M18510,安徽伟新行汽车销售服务有限公司,中区,中区,,,0.0,0.0,0.0,,0.0,,
M18539,南通银达汽车销售服务有限公司,东区,东区,,,120793.99999999993,40118.170000000006,160912.16999999993,,160912.16999999993,,
A19820,佛山市耀田汽车有限公司,南区,南一区,,,160347.76999999993,46209.05,206556.81999999995,,206556.81999999995,,
M18298,唐山冀东赫峰汽车销售服务有限公司,北区,北区,,,0.0,0.0,0.0,,0.0,,
A30536,周口鑫马汽车销售服务有限公司,中区,中区,,,174682.1199999999,25066.89,199749.0099999999,,199749.0099999999,,
M18066,宁波鑫驰汽车有限公司,东区,东区,,,0.0,0.0,0.0,,0.0,,
A14861,银川瑞鼎汽车销售服务有限公司,西区,西二区,,,34417.61000000001,1212.83,35630.44000000001,,35630.44000000001,,
M18109,汉中逸丰汽车销售服务有限公司,西区,西二区,,,0.0,0.0,0.0,,0.0,,
M18041,绍兴国赛汽车有限公司,东区,东区,,,157533.37999999995,20635.8,178169.17999999993,,178169.17999999993,,
M18363,东莞市久驰汽车贸易有限公司,南区,南一区,,,124766.89999999994,0.0,124766.89999999994,,124766.89999999994,,
A16596,台州市诺亚汽车贸易有限公司,东区,东区,,,188295.2399999998,22143.16,210438.3999999998,,210438.3999999998,,
A14982,广西弘骏汽车销售服务有限公司,南区,南一区,,,0.0,0.0,0.0,,0.0,,
M18573,云南善为汽车销售服务有限公司,西区,西一区,,,67389.93000000001,22919.489999999998,90309.42000000001,,90309.42000000001,,
M18090,襄阳建银金马汽车销售有限公司,中区,中区,,,36856.920000000006,13837.83,50694.75000000001,,50694.75000000001,,
A13317,温州中信汽车销售服务有限公司,东区,东区,,,0.0,0.0,0.0,,0.0,,
M18587,苏州苏天汽车销售服务有限公司,东区,东区,,,0.0,0.0,0.0,,0.0,,
M18131,四川西星实业发展有限公司,西区,西一区,,,171688.47000000006,45408.490000000005,217096.96000000008,,217096.96000000008,,
M18551,佛山市合自达汽车销售服务有限公司,南区,南一区,,,0.0,0.0,0.0,,0.0,,
M18091,河南新鑫源汽车销售有限公司,中区,中区,,,0.0,0.0,0.0,,0.0,,
M18353,厦门吉顺丰汽车贸易有限公司,南区,南二区,,,163125.30000000002,964.39,164089.69000000003,,164089.69000000003,,
A21336,佛山骏迪汽车有限公司,南区,南一区,,,291243.9499999998,34804.68,326048.6299999998,,326048.6299999998,,
M18092,上海恒昌汽车销售有限公司,东区,东区,,,0.0,0.0,0.0,,0.0,,
M18269,厦门市亿海正旗汽车销售服务有限公司,南区,南二区,,,0.0,0.0,0.0,,0.0,,
M18251,长沙瑞亿达汽车销售服务有限公司,南区,南二区,,,113323.90000000002,6255.44,119579.34000000003,,119579.34000000003,,
M18322,金华金宇汽车贸易有限公司,东区,东区,,,0.0,0.0,0.0,,0.0,,
A30475,浙江中振贸易有限公司,东区,东区,,,0.0,0.0,0.0,,0.0,,
M18020,云南行无忧汽车销售有限公司,西区,西一区,,,0.0,0.0,0.0,,0.0,,
M18229,天津远大盈之马汽车销售服务有限公司,北区,北区,,,160148.41999999993,31087.550000000003,191235.9699999999,,191235.9699999999,,
M18260,湖南博马汽车销售服务有限公司,南区,南二区,,,0.0,0.0,0.0,,0.0,,
M18280,吉林省国兴汽车服务有限公司,北区,北区,,,0.0,0.0,0.0,,0.0,,
M18128,济宁骁华汽车销售服务有限公司,中区,中区,,,46605.150000000016,322.66,46927.81000000002,,46927.81000000002,,
A17995,哈尔滨龙洋汽车销售有限公司,北区,北区,,,195740.02999999982,21611.489999999998,217351.51999999981,,217351.51999999981,,
M18395,浙江孚达汽车有限公司,东区,东区,,,0.0,0.0,0.0,,0.0,,
A26615,甘肃海丰汽车销售有限公司,西区,西二区,,,0.0,0.0,0.0,,0.0,,
A26096,上饶市福铃达汽车有限公司,南区,南二区,,,52017.740000000005,8350.94,60368.68000000001,,60368.68000000001,,
M18018,诸暨国赛汽车有限公司,东区,东区,,,31748.34,6565.780000000001,38314.12,,38314.12,,
M18610,广西马之悦汽车销售服务有限公司,南区,南一区,,,140437.58,26425.2,166862.78,,166862.78,,
A14843,南通博泰隆汽车贸易有限公司,东区,东区,,,0.0,0.0,0.0,,0.0,,
M18361,汕头市通利华月浦汽车服务有限公司,南区,南一区,,,0.0,0.0,0.0,,0.0,,
M18319,慈溪市新亚汽车销售服务有限公司,东区,东区,,,65043.44000000002,7456.45,72499.89000000001,,72499.89000000001,,
A14981,江门市振宇汽车销售服务有限公司,南区,南一区,,,180419.51999999987,23681.76,204101.27999999988,,204101.27999999988,,
M18519,宁波合辰汽车销售服务有限公司,东区,东区,,,156850.64000000004,37106.98,193957.62000000005,,193957.62000000005,,
M18047,新疆汇众天祥汽车贸易有限公司,西区,西二区,,,0.0,0.0,0.0,,0.0,,
M18527,南京通孚源汽车销售服务有限公司,东区,东区,,,0.0,0.0,0.0,,0.0,,
M18235,湖南长驰长马汽车销售服务有限公司,南区,南二区,,,145977.86999999997,3289.38,149267.24999999997,,149267.24999999997,,
M18138,江西金乐玛汽车销售服务有限公司,南区,南二区,,,47900.60000000002,0.0,47900.60000000002,,47900.60000000002,,
A13338,东莞市通益汽车销售服务有限公司,南区,南一区,,,185836.89999999976,24559.44,210396.33999999976,,210396.33999999976,,
M18569,宁夏自立升汽车销售服务有限公司,西区,西二区,,,0.0,0.0,0.0,,0.0,,
M18036,宝鸡广行汽车销售服务有限公司,西区,西二区,,,0.0,0.0,0.0,,0.0,,
M18243,郴州跃马汽车销售有限公司,南区,南二区,,,69458.18000000002,1043.82,70502.00000000003,,70502.00000000003,,
A18056,赤峰新雅迪汽车销售服务有限公司,北区,北区,,,14376.04,13212.6,27588.64,,27588.64,,
M18313,合肥市贺悦汽车销售服务有限公司,中区,中区,,,123905.93000000001,0.0,123905.93000000001,,123905.93000000001,,
A26095,太仓华洋汽车销售服务有限公司,东区,东区,,,42705.77000000002,0.0,42705.77000000002,,42705.77000000002,,
A26218,乐山市联合东升汽车销售服务有限公司,西区,西一区,,,39688.61,20878.68,60567.29,,60567.29,,
M18290,临沂骏骐汽车贸易有限公司,中区,中区,,,0.0,0.0,0.0,,0.0,,
M18037,常熟豪骏汽车销售服务有限公司,东区,东区,,,78963.34999999999,21978.42,100941.76999999999,,100941.76999999999,,
M18242,邵阳驭马汽车销售服务有限公司,南区,南二区,,,80946.47999999995,13361.460000000001,94307.93999999996,,94307.93999999996,,
A26695,南通文峰恒丰汽车销售服务有限公司,东区,东区,,,0.0,0.0,0.0,,0.0,,
M18165,保定市振昊汽车贸易有限公司,北区,北区,,,0.0,0.0,0.0,,0.0,,
A22535,江阴市吉威汽车有限公司,东区,东区,,,0.0,0.0,0.0,,0.0,,
M18523,苏州国亚达汽车服务有限公司,东区,东区,,,0.0,0.0,0.0,,0.0,,
M18105,苏州恒合汽车销售有限公司,东区,东区,,,110451.17000000003,17103.36,127554.53000000003,,127554.53000000003,,
M18398,杭州富阳万达汽车贸易有限公司,东区,东区,,,0.0,0.0,0.0,,0.0,,
M18517,宁波中基鑫通达汽车销售服务有限公司,东区,东区,,,0.0,0.0,0.0,,0.0,,
M18390,保定市威达汽车销售服务有限公司,北区,北区,,,91859.41000000003,18430.38,110289.79000000004,,110289.79000000004,,
A25540,菏泽祥通汽车销售服务有限公司,中区,中区,,,0.0,0.0,0.0,,0.0,,
M18615,珠海市钜荣汽车贸易有限公司,南区,南一区,,,0.0,0.0,0.0,,0.0,,
A13275,烟台裕顺汽车服务有限公司,中区,中区,,,110068.9500000001,5029.9400000000005,115098.8900000001,,115098.8900000001,,
A32364,淄博安华汽车销售服务有限公司,中区,中区,,,52837.800000000025,14901.400000000001,67739.20000000003,,67739.20000000003,,
M18371,贵州正合隆汽车销售有限公司,西区,西一区,,,144864.5300000001,636.81,145501.34000000008,,145501.34000000008,,
A32359,马鞍山中冠汽车销售服务有限公司,中区,中区,,,54090.77000000001,17839.420000000002,71930.19000000002,,71930.19000000002,,
M18201,贺州市均浩汽车销售有限公司,南区,南一区,,,79760.93999999999,0.0,79760.93999999999,,79760.93999999999,,
M18077,茂名市京粤名达汽车有限公司,南区,南一区,,,0.0,0.0,0.0,,0.0,,
A13279,河北骏达汽车贸易有限公司,北区,北区,,,80005.80000000005,21824.29,101830.09000000005,,101830.09000000005,,
M18167,北海瑞祥盛汽车销售服务有限公司,南区,南一区,,,42804.499999999985,13655.080000000002,56459.57999999999,,56459.57999999999,,
M18370,兰州金岛骄马汽车销售有限公司,西区,西二区,,,166577.4299999999,8708.67,175286.09999999992,,175286.09999999992,,
M18507,六安市泰源汽车销售服务有限公司,中区,中区,,,0.0,0.0,0.0,,0.0,,
M18237,湛江市万马汽车销售服务有限公司,南区,南一区,,,0.0,0.0,0.0,,0.0,,
M18061,吉林市凯利凯汽车贸易有限公司,北区,北区,,,0.0,0.0,0.0,,0.0,,
M18283,长春久鼎汽车销售服务有限公司,北区,北区,,,50657.729999999996,13340.339999999998,63998.06999999999,,63998.06999999999,,
M18233,泰安金马汽车销售服务有限公司,中区,中区,,,15719.279999999999,1512.39,17231.67,,17231.67,,
M18042,深圳通利华龙城汽车销售服务有限公司,南区,南一区,,,119182.64,8334.380000000001,127517.02,,127517.02,,
M18580,陕西欣达汽车贸易有限公司,西区,西二区,,,0.0,0.0,0.0,,0.0,,
A32365,宿州市禹潞汽车销售服务有限公司,中区,中区,,,0.0,0.0,0.0,,0.0,,
M18246,遵义乾坤君马汽车销售有限公司,西区,西一区,,,49565.960000000014,6123.3,55689.26000000002,,55689.26000000002,,
M18265,洛阳隆马汽车销售服务有限公司,中区,中区,,,36103.25999999999,16274.34,52377.59999999999,,52377.59999999999,,
M18897,沧州仓安汽车销售服务有限公司,北区,北区,,,62876.56000000002,7089.3,69965.86000000002,,69965.86000000002,,
M18295,长治市汇众汇达汽车销售服务有限公司,北区,北区,,,0.0,0.0,0.0,,0.0,,
M18197,渭南骏广汽车销售服务有限公司,西区,西二区,,,0.0,0.0,0.0,,0.0,,
A19776,邢台蓝池跃龙汽车服务有限公司,北区,北区,,,51895.56000000002,1884.8600000000001,53780.42000000002,,53780.42000000002,,
M18088,佛山智迪汽车有限公司,南区,南一区,,,7576.69,530.97,8107.66,,8107.66,,
M18179,廊坊市永昂汽车销售有限公司,北区,北区,,,19903.130000000005,0.0,19903.130000000005,,19903.130000000005,,
M18240,淮安市雨田领辰汽车销售服务有限公司,东区,东区,,,0.0,0.0,0.0,,0.0,,
M18557,东莞市新天地汽车销售服务有限公司,南区,南一区,,,0.0,0.0,0.0,,0.0,,
M18208,毕节福马汽车销售服务有限公司,西区,西一区,,,0.0,0.0,0.0,,0.0,,
M18306,北京瑞豪成商贸有限公司,北区,北区,,,14037.83,4137.48,18175.309999999998,,18175.309999999998,,
A27675,许昌市锦天汽车销售服务有限公司,中区,中区,,,0.0,0.0,0.0,,0.0,,
M18362,东莞市通华汽车销售服务有限公司,南区,南一区,,,126408.44999999991,2654.8,129063.24999999991,,129063.24999999991,,
A32801,辽宁旺达汽车销售服务有限公司,北区,北区,,,28620.889999999996,4178.93,32799.81999999999,,32799.81999999999,,
M18095,内蒙古鸿达汽车销售服务有限公司,北区,北区,,,44152.32,0.0,44152.32,,44152.32,,
M18150,新疆广利汽车有限公司,西区,西二区,,,0.0,0.0,0.0,,0.0,,
A22778,宜兴市苏源汽车销售服务有限公司,东区,东区,,,70837.71000000004,6123.3,76961.01000000004,,76961.01000000004,,
M18902,许昌吉运汽车销售服务有限公司,中区,中区,,,62034.55999999999,0.0,62034.55999999999,,62034.55999999999,,
M18199,梧州市悦马汽车有限公司,南区,南一区,,,0.0,0.0,0.0,,0.0,,
M18070,泰兴市天利达汽车贸易有限公司,东区,东区,,,99197.17999999995,5310.950000000001,104508.12999999995,,104508.12999999995,,
M18072,重庆市驰星汽车销售有限公司,西区,西一区,,,0.0,0.0,0.0,,0.0,,
A28858,清远市骏昇汽车销售服务有限公司,南区,南一区,,,63040.410000000025,10105.5,73145.91000000003,,73145.91000000003,,
M18184,江门市领泰汽车销售服务有限公司,南区,南一区,,,0.0,0.0,0.0,,0.0,,
M18051,百色万马汽车销售服务有限公司,南区,南一区,,,129934.76000000008,21270.64,151205.40000000008,,151205.40000000008,,
A27235,威海金驰汽车销售服务有限公司,中区,中区,,,53084.46000000001,0.0,53084.46000000001,,53084.46000000001,,
M18326,南阳兴业汽车销售服务有限公司,中区,中区,,,52348.23,6123.3,58471.530000000006,,58471.530000000006,,
M18045,酒泉海博汽车销售有限公司,西区,西二区,,,0.0,0.0,0.0,,0.0,,
M18178,广州市悦马汽车有限公司,南区,南一区,,,0.0,0.0,0.0,,0.0,,
M18889,安庆瑞呈汽车销售服务有限公司,中区,中区,,,28902.949999999997,3682.7200000000003,32585.67,,32585.67,,
M18218,包头市鸿燕福达汽车销售服务有限公司,北区,北区,,,43602.01000000001,22698.59,66300.6,,66300.6,,
M18888,青海金团汽车销售服务有限公司,西区,西二区,,,118378.64999999994,13779.66,132158.30999999994,,132158.30999999994,,
M18346,柳州鑫广达汽车销售服务有限公司,南区,南一区,,,0.0,0.0,0.0,,0.0,,
M18307,北京华日通汽车销售服务有限公司,北区,北区,,,111656.46000000011,11307.9,122964.3600000001,,122964.3600000001,,
M18239,丽水旺昌汽车销售服务有限公司,东区,东区,,,32604.250000000004,4896.32,37500.57000000001,,37500.57000000001,,
M18323,新乡市弘森汽车销售服务有限公司,中区,中区,,,0.0,0.0,0.0,,0.0,,
M18964, 新乡市弘森汽车销售服务有限公司,中区,中区,,,35083.8,11549.2,46633.0,,46633.0,,
M18230,九江景润汽车销售服务有限公司,南区,南二区,,,26830.809999999994,1458.96,28289.769999999993,,28289.769999999993,,
M18330,河南冠豪汽车销售有限公司,中区,中区,,,0.0,0.0,0.0,,0.0,,
M18898,南充创达丰汽车服务有限公司,西区,西一区,,,29763.399999999998,22228.98,51992.38,,51992.38,,
M18296,河北王世汽车贸易有限公司,北区,北区,,,0.0,0.0,0.0,,0.0,,
M18102,德阳宏羽凯威汽车销售服务有限公司,西区,西一区,,,0.0,0.0,0.0,,0.0,,
M18234,永州驭马汽车销售服务有限公司,南区,南二区,,,54343.17000000002,23436.9,77780.07000000002,,77780.07000000002,,
M18328,焦作双达汽车销售服务有限公司,中区,中区,,,69499.88000000003,11155.460000000001,80655.34000000004,,80655.34000000004,,
M18137,宿迁永泓汽车销售服务有限公司,东区,东区,,,56906.63,6404.5,63311.13,,63311.13,,
M18135,阳江市通利华汽车服务有限公司,南区,南一区,,,0.0,0.0,0.0,,0.0,,
M18343,湖南长驰瑞马汽车销售服务有限公司,南区,南二区,,,0.0,0.0,0.0,,0.0,,
M18562,绵阳嘉成汽车销售服务有限公司,西区,西一区,,,0.0,0.0,0.0,,0.0,,
M18576,陕西润达汽车销售服务有限公司,西区,西二区,,,0.0,0.0,0.0,,0.0,,
M18085,新疆天汇华龙汽车销售服务有限公司,西区,西二区,,,0.0,0.0,0.0,,0.0,,
M18232,株洲同达汽车销售服务有限公司,南区,南二区,,,59175.209999999985,14881.289999999999,74056.49999999999,,74056.49999999999,,
A26216,揭阳恒诚汽车贸易有限公司,南区,南一区,,,57214.06000000002,12519.68,69733.74000000002,,69733.74000000002,,
M18160,十堰海阜汽车销售服务有限公司,中区,中区,,,53817.28999999998,22889.38,76706.66999999998,,76706.66999999998,,
M18259,宜春驭盛汽车服务有限公司,南区,南二区,,,36208.3,3982.2,40190.5,,40190.5,,
M18553,福建太元马自达汽车销售服务有限公司,南区,南二区,,,0.0,0.0,0.0,,0.0,,
A30495,怀化市恒旺汽车销售服务有限公司,南区,南二区,,,0.0,0.0,0.0,,0.0,,
M18556,江门博腾汽车有限公司,南区,南一区,,,0.0,0.0,0.0,,0.0,,
A27901,通辽市新雅迪汽车销售有限公司,北区,北区,,,0.0,0.0,0.0,,0.0,,
M18083,镇江天佑汽车销售服务有限公司,东区,东区,,,8615.14,1978.4,10593.539999999999,,10593.539999999999,,
M18352,佛山市广物驭达汽车销售服务有限公司,南区,南一区,,,0.0,0.0,0.0,,0.0,,
M18209,张家口耀祥汽车销售有限公司,北区,北区,,,39025.02000000001,18782.88,57807.90000000001,,57807.90000000001,,
M18535,常熟市华通汽车销售服务有限公司,东区,东区,,,0.0,0.0,0.0,,0.0,,
M18302,晋城市长淮汽车销售服务有限公司,北区,北区,,,0.0,0.0,0.0,,0.0,,
M18017,成都金堂驭马车业有限公司,西区,西一区,,,0.0,0.0,0.0,,0.0,,
M18341,株洲市华兴汽车销售服务有限公司,南区,南二区,,,94994.99999999999,21312.49,116307.48999999999,,116307.48999999999,,
M18221,贵港万马汽车销售服务有限公司,南区,南一区,,,68248.27,18604.5,86852.77,,86852.77,,
M18297,邯郸德骏汽车销售有限公司,北区,北区,,,31575.190000000006,204.15,31779.340000000007,,31779.340000000007,,
M18034,宁海德盛汽车销售服务有限公司,东区,东区,,,0.0,0.0,0.0,,0.0,,
A32363,信阳市盛达汽车销售服务有限公司,中区,中区,,,0.0,0.0,0.0,,0.0,,
M18261,聊城驭马汽车销售服务有限公司,中区,中区,,,15154.580000000002,0.0,15154.580000000002,,15154.580000000002,,15154.580000000002
M18231,岳阳驭马汽车销售服务有限公司,南区,南二区,,,33393.36000000001,530.97,33924.33000000001,,33924.33000000001,,
M18255,孝感景帆汽车销售服务有限公司,中区,中区,,,13268.970000000003,6185.7,19454.670000000002,,19454.670000000002,,
M18550,佛山市中衡骏达汽车销售服务有限公司,南区,南一区,,,0.0,0.0,0.0,,0.0,,
M18325,商丘市宝利鑫凯汽车销售服务有限公司,中区,中区,,,0.0,0.0,0.0,,0.0,,
A28381,潮州市德隆汽车贸易有限公司,南区,南一区,,,66887.61999999998,11591.260000000002,78478.87999999998,,78478.87999999998,,
M18247,北京东南得利卡汽车贸易有限公司,北区,北区,,,30652.55,0.0,30652.55,,30652.55,,
M18139,河源市宝恒汽车销售有限公司,南区,南一区,,,0.0,0.0,0.0,,0.0,,
M18195,青岛海昌汽车销售有限公司,中区,中区,,,30254.520000000004,0.0,30254.520000000004,,30254.520000000004,,
M18202,东莞市昊天林汽车销售服务有限公司,南区,南一区,,,0.0,0.0,0.0,,0.0,,
M18071,韶关市荣和通达汽车贸易有限公司,南区,南一区,,,49396.32999999998,244.73000000000002,49641.05999999998,,49641.05999999998,,
M18171,贵州万友汽车销售服务有限公司钦州分公司,南区,南一区,,,0.0,0.0,0.0,,0.0,,
M18563,贵州兴新田源烨汽车销售服务有限公司,西区,西一区,,,0.0,0.0,0.0,,0.0,,
M18068,漳州富骏汽车有限公司,南区,南二区,,,0.0,0.0,0.0,,0.0,,
M18222,承德浩驰汽车销售服务有限公司,北区,北区,,,2252.12,0.0,2252.12,,2252.12,,
M18103,盘锦路华汽车销售服务有限公司,北区,北区,,,0.0,0.0,0.0,,0.0,,
A27256,驻马店市腾达汽车销售服务有限公司,中区,中区,,,0.0,0.0,0.0,,0.0,,
M18136,玉溪市珊瑚汽车销售服务有限公司,西区,西一区,,,0.0,0.0,0.0,,0.0,,
M18618,广州美轮丰达汽车有限公司,南区,南一区,,,0.0,0.0,0.0,,0.0,,
M18606,长沙博程骏粤汽车销售有限公司,南区,南二区,,,0.0,0.0,0.0,,0.0,,
M18081,泉州盛成汽车销售服务有限公司,南区,南二区,,,0.0,0.0,0.0,,0.0,,
M18015,广元驭马车业有限公司,西区,西一区,,,0.0,0.0,0.0,,0.0,,
M18125,眉山市御程汽车销售服务有限公司,西区,西一区,,,0.0,0.0,0.0,,0.0,,
M18169,莆田龙益汽车销售服务有限公司,南区,南二区,,,14673.309999999998,9975.130000000001,24648.44,,24648.44,,
M18163,张家港全骏汽车销售服务有限公司,东区,东区,,,168081.0399999999,36940.54,205021.5799999999,,205021.5799999999,,
M18074,上海绿地汽车销售有限公司,东区,东区,,,0.0,0.0,0.0,,0.0,,
M18611,百色方泰汽车销售服务有限公司,南区,南一区,,,0.0,0.0,0.0,,0.0,,
A28255,淮北市达马汽车销售服务有限公司,中区,中区,,,0.0,0.0,0.0,,0.0,,
M18189,三明市长隆汽车销售服务有限公司,南区,南二区,,,0.0,0.0,0.0,,0.0,,
M18206,大连华为汽车销售服务有限公司,北区,北区,,,25301.60000000001,557.43,25859.03000000001,,25859.03000000001,,
M18252,枣庄爱马行汽车销售服务有限公司,中区,中区,,,0.0,0.0,0.0,,0.0,,
M18016,自贡市志云汽车维修有限公司,西区,西一区,,,0.0,0.0,0.0,,0.0,,
M18205,珠海市通华汽车销售服务有限公司,南区,南一区,,,0.0,0.0,0.0,,0.0,,
M18612,清远市中衡骏达汽车销售服务有限公司,南区,南一区,,,0.0,0.0,0.0,,0.0,,
M18175,巴州四季秋林汽车销售有限公司,西区,西二区,,,69189.08000000003,557.43,69746.51000000002,,69746.51000000002,,
M18266,山西诺维兰集团运城瑞嘉汽车销售服务有限公司,北区,北区,,,0.0,0.0,0.0,,0.0,,
M18355,晋江成达汽车销售服务有限公司,南区,南二区,,,0.0,0.0,0.0,,0.0,,
M18503,台州运通博阳汽车销售服务有限公司,东区,东区,,,0.0,0.0,0.0,,0.0,,
M18258,安阳市万德福汽车销售服务有限公司,中区,中区,,,0.0,0.0,0.0,,0.0,,
M18332,无锡市众达汽车销售服务有限公司,东区,东区,,,0.0,0.0,0.0,,0.0,,
M18286,日照市佰世达汽车销售服务有限公司,中区,中区,,,16944.4,0.0,16944.4,,16944.4,,
A22775,商丘市耀辉汽车销售有限公司,中区,中区,,,0.0,0.0,0.0,,0.0,,
M18342,衡阳驭马汽车销售服务有限公司,南区,南二区,,,0.0,0.0,0.0,,0.0,,
M18067,呼伦贝尔市恒润汽车贸易有限公司,北区,北区,,,14620.789999999999,1513.28,16134.07,,16134.07,,
M18378,鞍山北方马自达汽车销售服务有限公司,北区,北区,,,0.0,0.0,0.0,,0.0,,
M18518,宁波宏亚汽车销售服务有限公司,东区,东区,,,0.0,0.0,0.0,,0.0,,
M18368,新疆华达汽车销售服务有限责任公司,西区,西二区,,,0.0,0.0,0.0,,0.0,,
M18267,阜新鑫鑫汽车销售服务有限公司,北区,北区,,,0.0,0.0,0.0,,0.0,,
M18291,聊城金源汽车销售服务有限公司,中区,中区,,,0.0,0.0,0.0,,0.0,,
M23003,湖州长马汽车销售服务有限公司,东区,东区,,,95791.29000000002,28856.300000000003,124647.59000000003,,124647.59000000003,,
M23001,佳木斯嘉达汽车销售服务有限公司,北区,北区,,,24059.26,1380.54,25439.8,,25439.8,,
M23002,重庆瀚达汽车销售服务有限公司,西区,西二区,,,123369.73000000004,18472.78,141842.51000000004,,141842.51000000004,,
M18947,南通正马汽车销售服务有限公司,东区,东区,,,37692.869999999995,13449.0,51141.869999999995,,51141.869999999995,,
M18927,徐州正马汽车销售服务有限公司,东区,东区,,,82381.60999999997,17900.760000000002,100282.36999999997,,100282.36999999997,,
M18896,阿克苏笑好,西区,西二区,,,37342.23999999999,3805.7300000000005,41147.969999999994,,41147.969999999994,,
M18912,西藏鼎恒实业有限公司,西区,西区,,,2087.6,0.0,2087.6,,2087.6,,
M18919,唐山丰玮汽车贸易有限公司,北区,北区,,,31200.29000000001,819.4499999999999,32019.740000000013,,32019.740000000013,,
M18917,河北桐响汽车贸易有限公司,北区,北区,,,51759.879999999976,7503.84,59263.71999999997,,59263.71999999997,,
M18952,吉林市铭航汽车销售服务有限公司,北区,北区,,,60493.490000000005,7089.3,67582.79000000001,,67582.79000000001,,
M18913,乌鲁木齐笑好景星汽车销售有限公司,西区,西区,,,56252.96000000003,1415.93,57668.89000000003,,57668.89000000003,,
M18935,福州龙驭汽车销售服务有限公司,南区,南二区,,,53983.18999999999,14901.400000000001,68884.59,,68884.59,,
M18920,漳州凯鑫汽车贸易有限公司,南区,南二区,,,24075.040000000005,0.0,24075.040000000005,,24075.040000000005,,
M18910,喀什兴鹏汽车销售服务有限公司,西区,西区,,,0.0,0.0,0.0,,0.0,,
M18915,临沂长驰汽车销售服务有限公司,中区,中区,,,28950.700000000008,11004.900000000001,39955.600000000006,,39955.600000000006,,
M18287,青州长兴汽车贸易有限公司,中区,中区,,,0.0,0.0,0.0,,0.0,,
M18225,遂宁广盛众达汽车销售服务有限公司,西区,西一区,,,0.0,0.0,0.0,,0.0,,
M18960,泉州道明汽车销售服务有限公司,南区,南二区,,,40935.36000000001,24652.06,65587.42000000001,,65587.42000000001,,
M18930,哈尔滨骏骥,北区,北区,,,0.0,0.0,0.0,,0.0,,
M18961,山西祺达订单中心,北区,北区,,,0.0,0.0,0.0,,0.0,,
M18937,天津华夏,北区,北区,,,0.0,0.0,0.0,,0.0,,
M18925,常州神马,东区,东区,,,0.0,0.0,0.0,,0.0,,
M18939,连云港佳成,东区,东区,,,77318.45000000007,11327.46,88645.91000000006,,88645.91000000006,,
M18957,宁波鑫驿订单中心,东区,东区,,,0.0,0.0,0.0,,0.0,,
M18932,三明长隆,南区,南二区,,,0.0,0.0,0.0,,0.0,,
M18956,广州铧城订单中心,南区,南一区,,,0.0,0.0,0.0,,0.0,,
M18924,广州东富,南区,南一区,,,0.0,0.0,0.0,,0.0,,
M18955,广州悦马,南区,南一区,,,0.0,0.0,0.0,,0.0,,
M18941,湛江万马订单中心,南区,南一区,,,0.0,0.0,0.0,,0.0,,
M18966,宝鸡福瑞腾汽车销售服务有限公司,西区,,,,20769.64,0.0,20769.64,,20769.64,,
M18965,泸州长马一鸣汽车贸易有限公司,西区,,,,6184.56,6123.3,12307.86,,12307.86,,
M18962,梅州市华璟新能源汽车有限公司,西区,,,,28228.56000000002,0.0,28228.56000000002,,28228.56000000002,,
M18943,珠海通华,南区,南一区,,,0.0,0.0,0.0,,0.0,,
M18942,三亚优之杰,南区,南一区,,,0.0,0.0,0.0,,0.0,,
M18953,湖南博马订单中心,南区,南二区,,,0.0,0.0,0.0,,0.0,,
M18945,汉中骏逸鑫逸,西区,西区,,,72775.37000000001,0.0,72775.37000000001,,72775.37000000001,,
M18934,榆林顺泓安,西区,西区,,,0.0,0.0,0.0,,0.0,,
M18976,茂名市百润新能源汽车销售服务有限公司,南区,南区,,,27882.600000000006,0.0,27882.600000000006,,27882.600000000006,,
M18969,商丘腾驭汽车销售服务有限公司,中区,中区,,,14026.51,1458.96,15485.470000000001,,15485.470000000001,,
M18971,濮阳市利镇汽车销售有限公司,中区,中区,,,3736.85,0.0,3736.85,,3736.85,,
M18972,聊城驭马汽车销售服务有限公司,中区,中区,,,30596.250000000004,2771.1,33367.350000000006,,33367.350000000006,,
M18981,扬州上辰汽车销售服务有限公司,东区,东区,,,74520.65,61594.02,136114.66999999998,,136114.66999999998,,
M18938,乌鲁木齐笑好明煦订单中心,西区,西区,,,0.0,0.0,0.0,,0.0,,
M18959,菏泽佳谊订单中心,中区,中区,,,37252.06999999999,16868.68,54120.74999999999,,54120.74999999999,,
