经销商代码,经销商名称,2026-01-17,2026-01-19,2026-01-20,2026-01-21 00:00:00,2026-01-22 00:00:00,2026-01-23 00:00:00,2026-01-24 00:00:00,2026-01-26 00:00:00,2026-01-27 00:00:00,2026-01-28 00:00:00,2026-01-29 00:00:00,第一周,第二周,第三周,第四周
A13258,江西江铃海外马自达汽车销售服务有限公司,6402.219999999999,24291.550000000003,2829.3,10114.909999999998,7728.4,0.0,12656.749999999996,6881.530000000001,9192.05,0.0,232827.91000000003,43794.82,21908.72,,261558.24000000002
A13261,潍坊东裕车业发展有限公司,6416.3099999999995,6465.06,13734.800000000003,14030.98,15647.800000000001,7488.4800000000005,8357.720000000001,16436.879999999997,6375.290000000002,13311.139999999998,27640.0,55479.409999999996,43397.560000000005,,72121.03
A13265,武汉龙泰元汽车销售服务有限公司,20846.48,23395.000000000004,7598.9800000000005,4583.8,12780.79,10958.09,63126.67999999999,29351.230000000007,20185.109999999993,10527.420000000002,11779.47,57853.57000000001,53528.37,,134969.90999999997
A13275,烟台裕顺汽车服务有限公司,8798.939999999999,29036.42,11744.799999999997,13405.289999999999,24984.389999999996,32194.68,7195.1,50687.19,44801.740000000005,18612.1,6799.11,75573.56,41553.75,,128095.24
A13279,河北骏达汽车贸易有限公司,5587.379999999999,5980.700000000001,456.19,7737.09,4014.3,7220.86,15147.210000000003,0.0,4557.85,12116.1,4103.959999999999,67059.38,40776.030000000006,,35925.12
A13289,大连众联达贸易有限公司,16369.180000000002,23683.39999999999,22032.13,18527.990000000005,22301.909999999996,11949.129999999996,12917.050000000001,29842.290000000008,20017.46,31411.300000000007,35499.049999999996,139777.88,105652.31,,129687.15000000002
A13291,南京天和汽车销售服务有限公司,27511.709999999992,25634.030000000002,6413.100000000001,15219.99,24072.499999999996,48392.15000000001,30651.740000000005,38588.47000000001,24486.54,16393.579999999994,37925.220000000016,172383.73,132194.16999999998,,148045.55000000005
A13297,常州外汽永嘉汽车销售服务有限公司,17918.53,17368.930000000008,11553.570000000002,21040.77,13980.970000000001,39096.23,34653.170000000006,23127.799999999996,33452.97000000001,30518.73999999999,20119.54,118240.89,104621.06999999999,,141872.22
A13300,泰州天顺达汽车贸易有限公司,17549.300000000007,10361.8,8165.870000000001,12131.36,12356.869999999999,23164.829999999998,7791.84,25843.559999999998,0.0,0.0,0.0,80192.73999999999,120889.85000000002,,33635.399999999994
A13302,合肥建银海康达汽车销售有限公司,14201.48,24119.160000000003,11742.23,12477.769999999999,14680.17,39259.22999999999,17832.65,20946.089999999993,28879.249999999993,29430.780000000002,37747.66,138125.68,111336.29999999999,,134836.43
A13305,成都东成安邦汽车销售服务有限公司,9795.210000000001,10047.500000000002,36088.71000000001,0.0,11720.279999999999,13140.99,21376.190000000002,21287.659999999996,18774.750000000007,0.0,11896.630000000001,106684.70999999999,68504.86,,73335.23000000001
A13308,义乌市祥马汽车销售服务有限公司,64022.31,22010.119999999995,,56151.48999999999,0.0,0.0,28153.21,34143.799999999996,0.0,63062.70000000002,0.0,97036.29000000001,117146.88999999998,,125359.71000000002
A13311,宁波鑫之源汽车有限公司,53220.25000000001,28846.039999999997,,65408.92999999999,1794.49,0.0,57806.009999999995,33535.64000000001,0.0,53602.33000000001,0.0,124551.28,161031.54999999993,,144943.98
A13314,海口优之杰汽车服务有限公司,35306.41,23205.180000000008,57246.409999999996,37897.330000000016,48841.3,44132.130000000005,29741.729999999996,51122.710000000014,22509.94,58349.88,40627.990000000005,277512.7,186003.17,,202352.25
A13338,东莞市通益汽车销售服务有限公司,8670.730000000001,28320.730000000007,10445.46,9583.49,16271.710000000003,16288.129999999997,14951.89,19593.41,6759.090000000001,6113.33,9625.49,99178.03000000001,105331.09,,57043.21000000001
A13339,惠州市通力达汽车销售服务有限公司,14544.28,12923.34,10895.609999999999,22185.250000000007,17744.230000000003,8065.219999999999,38291.28,56257.070000000014,7500.929999999999,13895.300000000001,8572.41,97119.59000000003,79725.84000000001,,124516.99
A13340,中山市万事得汽车销售服务有限公司,6267.8099999999995,19575.48,6221.340000000001,21274.28,0.0,6241.08,8740.249999999998,13695.880000000001,8066.17,15053.5,9762.68,69568.34,71480.75,,55318.479999999996
A13341,佛山海迪汽车有限公司,7655.440000000001,20493.92,32628.489999999994,18222.859999999997,19169.739999999998,9252.13,16166.77,24953.869999999995,10278.279999999999,11234.850000000002,6580.639999999999,58249.020000000004,63209.880000000005,,69214.41
A13342,珠海市新通达汽车销售服务有限公司,25116.589999999997,37127.9,11272.849999999997,18228.68,15101.729999999998,11508.93,19253.410000000003,28586.8,11830.880000000001,7161.690000000001,12770.199999999997,158797.41,134312.36000000002,,79602.98000000001
A13343,深圳通利华宝安汽车销售服务有限公司,14410.340000000004,14159.289999999999,60376.62,20752.42,19791.249999999996,19880.27,30293.82,40553.30999999999,30358.71,117319.65999999996,37774.969999999994,118528.3,153004.72,,256300.46999999994
A13475,西安骏雄汽车销售服务有限公司,34905.76,33929.880000000005,16073.259999999997,59186.140000000014,3343.4700000000003,41190.649999999994,44272.93000000001,54981.67999999999,6133.619999999998,27665.069999999996,8561.470000000003,123362.43000000001,165858.36000000004,,141614.77
A13544,昆山富骏汽车销售服务有限公司,8849.82,23357.96,9264.400000000003,17740.45,10622.470000000001,12853.109999999999,38764.84,55319.38,13292.519999999999,28038.909999999996,17620.689999999995,87746.02000000002,130195.14000000004,,153036.34
A13558,绵阳星鸿达汽车销售服务有限公司,19924.29,23713.29,41436.880000000005,13533.859999999997,10459.0,21086.53,27790.850000000002,17256.629999999997,20553.36,28516.910000000003,23624.780000000002,157301.02000000005,78201.82,,117742.53
A13776,浙江裕菲汽车销售服务有限公司,56389.11999999999,57967.43999999999,,42767.32,0.0,0.0,57997.03999999997,81161.23999999996,0.0,38578.610000000015,0.0,150951.73000000004,164016.21,,177736.88999999996
A14837,无锡市东方运达汽车销售服务有限公司,37116.71000000001,11965.240000000002,12951.170000000004,7840.28,18251.579999999998,11930.929999999998,16076.06,15496.480000000001,30103.320000000007,12510.109999999997,0.0,83299.29000000001,174473.72,,74185.97
A14861,银川瑞鼎汽车销售服务有限公司,30458.14,14970.699999999999,587.6200000000001,7095.250000000001,0.0,7145.450000000001,1400.0,14700.08,62.52,0.0,6112.22,77398.64000000003,55415.670000000006,,22274.82
A14981,江门市振宇汽车销售服务有限公司,10382.839999999998,29923.579999999998,10013.599999999999,35415.01,8548.59,22565.680000000004,10274.22,35119.259999999995,38082.18,14171.87,21663.279999999995,112478.81000000001,94199.52,,119310.81
A15116,柳州鑫广达博骏汽车销售服务有限公司,25.0,7089.99,22283.940000000006,10437.06,6579.07,25729.970000000005,7957.27,29381.89,1330.0,7363.84,14231.57,65347.96000000001,41167.85999999999,,60264.57
A15217,杭州骏田汽车有限公司,17165.67,34113.200000000004,484.68,46677.53,0.0,0.0,28671.879999999997,82120.67999999998,0.0,26211.559999999998,0.0,92713.72,87362.76000000001,,137004.11999999997
A15497,福州龙益汽车销售服务有限公司,,7599.870000000003,6741.25,0.0,9371.519999999999,8374.81,7946.68,5821.38,0.0,17171.930000000004,6146.35,48301.89,46334.079999999994,,37086.340000000004
A15940,昆明京源达汽车销售有限责任公司,18211.340000000004,26737.000000000004,26459.73,22363.579999999994,23486.160000000003,30576.9,15765.0,23520.57,19023.68,25971.750000000004,25694.989999999994,72726.73000000001,148650.67,,109975.98999999999
A16596,台州市诺亚汽车贸易有限公司,36235.45000000002,30703.510000000006,180.03,50813.55,0.0,201.4,73957.5,42378.03,0.0,75737.52000000005,0.0,64710.67999999999,60317.45999999999,,192073.05000000005
A17995,哈尔滨龙洋汽车销售有限公司,49203.16999999998,22111.950000000004,839.66,31723.370000000003,0.0,24781.92,15839.059999999998,26950.229999999992,0.0,63486.97000000001,143.6,109674.01999999999,115716.71000000002,,106419.86000000002
A17996,苏州瀚龙汽车销售有限公司,21623.67,24146.830000000005,62215.87,7886.349999999999,43753.38000000002,12535.420000000002,57931.63000000001,26281.24000000002,15415.530000000004,13147.280000000002,7523.47,103276.50000000001,123093.02999999997,,120299.15000000002
A17997,武汉银马汽车销售有限公司,22835.960000000003,54904.32999999999,29367.09,27148.16,64590.51,12281.850000000002,34263.95999999999,31283.750000000004,37490.280000000006,14695.629999999997,18210.05,131661.09000000003,133071.97,,135943.66999999998
A18055,吉林省瑞祥汽车销售服务有限公司,6567.490000000001,17973.020000000004,,16422.66,0.0,3284.98,22507.66,12745.989999999998,0.0,12030.380000000005,0.0,38736.17999999999,43018.69,,47284.03
A18056,赤峰新雅迪汽车销售服务有限公司,642.27,,3320.540000000001,0.0,16107.110000000004,0.0,0.0,22136.290000000008,0.0,370.16,0.0,44698.83,51633.450000000004,,22506.450000000008
A18077,深圳通利华福滨汽车服务有限公司,28248.91,22631.310000000005,14564.66,25067.01999999999,8313.7,11134.599999999999,31712.69000000001,29999.230000000003,16312.62,8763.5,23520.529999999995,100487.6,86824.58000000002,,110308.57
A19776,邢台蓝池跃龙汽车服务有限公司,,5278.74,1063.8300000000002,8840.1,0.0,9293.2,0.0,15468.269999999999,0.0,5502.889999999999,0.0,42533.0,18040.99,,20971.159999999996
A19795,衢州龙达汽车销售服务有限公司,9895.550000000001,15153.59,,9797.38,0.0,0.0,0.0,15491.030000000004,0.0,6993.91,0.0,27545.269999999997,17077.25,,22484.940000000002
A19820,佛山市耀田汽车有限公司,6574.970000000001,23690.309999999998,14460.24,13643.510000000002,6755.199999999999,8040.240000000001,19312.15,21578.070000000007,22187.790000000008,23632.000000000004,7272.7300000000005,87133.1,92729.19,,93982.74000000002
A21336,佛山骏迪汽车有限公司,23439.08,20156.429999999997,6207.79,9903.26,7865.959999999999,10027.739999999998,16461.64,36919.56,15344.689999999997,6430.88,16556.889999999996,118468.34000000003,103379.42,,91713.66
A21357,泸州安马车业有限公司,2279.0,,2583.36,0.0,3338.719999999999,0.0,2407.81,0.0,10014.679999999998,0.0,9228.939999999999,30013.699999999997,37392.82,,21651.429999999997
A22537,阜阳市广旭汽车销售服务有限公司,,10057.470000000001,,377.24,0.0,0.0,20989.78,12130.090000000002,0.0,0.0,11240.6,20451.95,30980.63,,44360.47
A22778,宜兴市苏源汽车销售服务有限公司,2399.63,2021.98,5595.43,0.0,0.0,11014.01,0.0,2003.26,10328.619999999999,5829.69,6404.379999999999,60277.070000000014,28731.82,,24565.949999999997
A22780,盐城申大汽车销售服务有限公司,26702.590000000004,,8930.099999999999,0.0,0.0,0.0,13013.04,6268.4000000000015,7183.769999999998,8668.980000000003,8616.64,17386.539999999997,37929.85,,43750.83
A22796,陕西广行汽车销售服务有限公司,,46605.990000000005,3898.959999999999,44281.07999999999,0.0,44428.42000000001,0.0,88760.37000000004,10249.430000000002,28334.560000000005,3519.17,140135.44,169912.18000000002,,130863.53000000004
A24515,上海弘绅汽车销售服务有限公司,39625.87000000002,15374.869999999997,14598.86,8727.07,10477.279999999999,27467.29999999999,7226.200000000001,18155.529999999995,11301.45,23188.659999999993,10848.980000000001,74212.62,61851.96000000001,,70720.81999999998
A26095,太仓华洋汽车销售服务有限公司,,4047.45,6385.079999999999,4028.61,3998.45,12447.510000000006,7003.1,13240.440000000004,17576.31,9210.97,4038.76,34878.08,24250.15,,51069.58000000001
A26096,上饶市福铃达汽车有限公司,,8442.900000000001,9636.320000000002,4014.0100000000007,0.0,1136.31,4385.709999999999,0.0,0.0,6677.150000000001,0.0,11313.2,25441.11,,11062.86
A26215,桐乡市振华汽车贸易有限公司,8705.42,7977.630000000001,8119.58,6078.659999999999,7005.920000000001,5733.9800000000005,6126.889999999999,9145.55,6209.77,6032.209999999999,10699.790000000003,74765.34000000001,65798.94,,38214.21
A26216,揭阳恒诚汽车贸易有限公司,5382.54,9216.880000000001,2730.3399999999997,5378.780000000001,2414.8399999999997,0.0,2594.6000000000004,3322.3700000000003,6134.290000000001,573.3,2525.81,13650.999999999998,31065.79,,15150.37
A26218,乐山市联合东升汽车销售服务有限公司,2588.3199999999997,2029.9099999999999,10509.799999999997,16046.55,0.0,3951.8599999999997,3463.3999999999996,3562.1800000000003,3754.4100000000003,4962.56,9071.089999999998,75832.7,32749.12,,24813.64
A27235,威海金驰汽车销售服务有限公司,10541.9,,943.1,0.0,0.0,25946.389999999992,0.0,5328.039999999999,13981.83,31040.280000000002,0.0,59627.090000000004,34800.420000000006,,50350.15
A27896,青岛安隆达汽车销售有限公司,107.79,,10523.0,36471.600000000006,8252.379999999997,17618.170000000002,41294.340000000004,8296.08,22069.620000000003,0.0,17038.440000000002,92497.47999999998,63412.21000000001,,88698.48000000001
A28381,潮州市德隆汽车贸易有限公司,25379.730000000007,,9920.09,2935.44,0.0,0.0,5945.3,0.0,0.0,21489.020000000004,6731.759999999999,22421.649999999998,40431.560000000005,,34166.08
A28856,重庆银马汽车销售服务有限公司,19605.230000000003,11006.66,17369.100000000002,0.0,0.0,30696.11,28743.21,13124.810000000003,28015.330000000005,22457.26,32713.970000000012,130995.74,114182.44000000002,,125054.58000000002
A28858,清远市骏昇汽车销售服务有限公司,7448.099999999999,9781.65,10929.660000000002,1205.67,0.0,2978.17,161.9,7911.449999999999,408.44,9899.239999999998,114.55,67844.67000000001,21433.63,,18495.579999999998
A29055,宜昌大宏汽车销售有限公司,,,,6465.289999999999,0.0,26067.22,21280.370000000003,0.0,34769.759999999995,0.0,8639.23,24466.82,36244.59,,64689.36
A30535,安徽泓德汽车销售服务有限公司,6443.200000000001,4016.8400000000006,,14956.77,7433.489999999998,7352.5,5334.35,11809.060000000001,0.0,6612.919999999999,0.0,37027.5,44244.09,,23756.33
A30536,周口鑫马汽车销售服务有限公司,5267.34,5066.549999999999,14309.279999999999,5920.029999999999,2040.62,0.0,24653.739999999994,8306.38,5643.16,6245.44,7907.41,47064.25,26983.58,,52756.130000000005
A32359,马鞍山中冠汽车销售服务有限公司,8168.96,8447.26,,24362.920000000002,0.0,12504.800000000001,8654.800000000001,0.0,4452.330000000001,0.0,4160.72,58322.53,55047.040000000015,,17267.850000000002
A32364,淄博安华汽车销售服务有限公司,4534.41,9438.87,7382.5199999999995,14868.110000000002,0.0,8517.88,24112.21,12893.590000000002,4360.54,125.4,20398.309999999998,41852.92,35531.92,,61890.05
A32801,辽宁旺达汽车销售服务有限公司,,6301.249999999999,,11281.760000000002,0.0,7477.799999999999,8425.41,8530.57,0.0,10259.060000000001,0.0,73985.46,17470.23,,27215.04
M18003,重庆金团汽车销售服务有限公司,10682.279999999997,12511.619999999999,1886.1999999999998,10304.23,10851.15,29648.05999999999,7568.75,9032.960000000001,11500.310000000001,16957.57,8745.12,101613.54000000001,32167.460000000003,,53804.71
M18009,桂林鑫广达博骏汽车销售服务有限公司,6404.97,20962.39,7445.510000000001,1886.2,6700.899999999999,0.0,12020.620000000003,33350.530000000006,29757.270000000008,11758.68,6355.420000000001,76730.39,48564.33,,93242.52
M18014,舟山凯桥汽车销售有限公司,11888.929999999998,20824.510000000002,,11996.109999999999,0.0,0.0,38011.54000000001,12403.270000000004,0.0,10810.070000000003,0.0,58377.81000000001,34784.78,,61224.88000000002
M18018,诸暨国赛汽车有限公司,5055.15,5441.1,,5312.959999999999,0.0,0.0,6716.0199999999995,5303.38,0.0,7224.42,0.0,32984.03,17623.75,,19243.82
M18025,肇庆美轮庆达汽车有限公司,6021.450000000001,6046.44,6058.06,3199.92,165.52,7258.46,7656.800000000001,6541.59,690.5899999999999,12257.350000000004,5679.760000000001,53644.86,34223.170000000006,,32826.090000000004
M18026,南京天瑞汽车销售服务有限公司,15198.609999999999,8771.01,16957.06,21473.43,35983.65,12850.919999999998,27685.88,9875.02,9720.51,6009.32,19001.740000000005,55928.37,103891.51000000001,,72292.47
M18037,常熟豪骏汽车销售服务有限公司,12225.4,6564.0,5320.749999999999,14845.339999999995,0.0,4112.43,10569.929999999998,5373.72,4176.22,11681.29,12321.250000000002,64016.5,13530.939999999999,,44122.41
M18038,北京仁正利成汽车销售服务有限公司,10036.960000000001,12458.830000000005,12843.120000000003,9177.5,7097.259999999998,10934.93,6316.21,22241.03,12528.210000000001,14534.109999999997,8846.37,72144.27,85164.41,,64465.93
M18041,绍兴国赛汽车有限公司,44327.32,17535.71,-3804.97,23738.930000000008,0.0,0.0,60979.19,27069.17000000001,0.0,23439.329999999998,0.0,92972.63000000002,83490.87000000002,,111487.69000000002
M18042,深圳通利华龙城汽车销售服务有限公司,19758.550000000003,15228.639999999998,19706.71,3489.32,8132.859999999999,10746.85,6701.53,10163.11,11776.97,6281.419999999999,10577.84,90803.42,128812.8,,45500.869999999995
M18049,芜湖瑞马汽车销售服务有限公司,9405.74,28899.200000000004,,18031.760000000002,16363.610000000002,9940.05,8746.49,6063.530000000001,4983.400000000001,4800.89,8349.4,49037.09999999999,30078.15,,32943.71
M18051,百色万马汽车销售服务有限公司,9304.02,14388.69,9165.05,18314.070000000003,27747.920000000002,60103.810000000005,23301.82,7921.689999999999,8950.830000000002,6252.400000000001,18176.640000000003,91996.51999999999,55864.270000000004,,64603.380000000005
M18052,咸阳伟益汽车销售服务有限公司,7096.469999999999,8281.04,4278.88,13572.32,69.72,20272.329999999998,8670.289999999999,6625.839999999999,0.0,10711.229999999998,0.0,153686.85000000003,99099.75,,26007.359999999993
M18067,呼伦贝尔市恒润汽车贸易有限公司,,16783.260000000002,2081.44,2300.39,0.0,0.0,0.0,0.0,0.0,6533.01,2168.63,4054.7,8169.560000000001,,8701.64
M18069,中国长安汽车集团天津销售有限公司,19705.83,7897.289999999998,565.86,10041.73,0.0,12189.010000000002,12436.2,6993.32,0.0,24547.129999999994,6510.860000000001,55805.829999999994,72671.13,,50487.509999999995
M18070,泰兴市天利达汽车贸易有限公司,5197.92,5179.2300000000005,754.48,11127.24,5411.8600000000015,0.0,26147.12,13737.710000000001,0.0,5356.240000000001,12669.65,28222.349999999995,17521.690000000002,,57910.72
M18071,韶关市荣和通达汽车贸易有限公司,2501.11,,,1744.4,4155.94,2357.12,2220.8999999999996,3527.27,18189.399999999998,0.0,4487.18,9960.07,19269.28,,28424.75
M18075,苏州恒昌汽车销售有限公司,,,,7961.91,0.0,0.0,0.0,0.0,0.0,0.0,0.0,22846.870000000003,0.0,,0.0
M18078,瑞安市深发汽车销售服务有限公司,29206.400000000012,11735.6,,15823.029999999997,0.0,0.0,22108.81,20931.110000000004,0.0,15470.679999999997,0.0,89395.9,55656.469999999994,,58510.600000000006
M18083,镇江天佑汽车销售服务有限公司,,5770.349999999999,,13580.519999999995,0.0,0.0,7156.189999999999,6638.5,0.0,11771.33,0.0,10530.760000000002,18010.95,,25566.019999999997
M18088,佛山智迪汽车有限公司,,2366.52,,4783.59,9147.84,0.0,5546.3099999999995,12065.240000000002,0.0,0.0,0.0,69050.46,18136.920000000002,,17611.550000000003
M18090,襄阳建银金马汽车销售有限公司,4330.130000000001,5455.3,4545.400000000001,0.0,0.0,5353.420000000001,4104.09,4392.2,4117.129999999999,4188.0199999999995,5709.270000000001,26012.97,8657.210000000001,,22510.71
M18095,内蒙古鸿达汽车销售服务有限公司,92.82,,,0.0,7820.290000000001,0.0,0.0,24444.150000000012,0.0,18584.329999999998,0.0,22314.579999999998,37242.06,,43028.48000000001
M18099,山西马博士汽车销售有限公司,10140.14,,3602.72,10367.460000000001,1531.65,18408.149999999998,6758.0,0.0,21617.68,0.0,19978.499999999996,71747.4,31071.02,,48354.17999999999
M18105,苏州恒合汽车销售有限公司,15051.03,,18437.98,8906.069999999998,6793.510000000001,4068.4700000000003,8656.91,12862.779999999999,12379.5,4089.1,4258.26,63495.89,57104.44,,42246.55
M18118,赣州腾马汽车服务有限公司,6662.18,6100.25,9338.759999999998,1508.96,14706.58,6017.5199999999995,6296.35,0.0,6619.8099999999995,6301.759999999999,8600.970000000001,55171.979999999996,31634.950000000004,,27818.89
M18128,济宁骁华汽车销售服务有限公司,6198.84,,565.86,0.0,10795.789999999997,0.0,12596.880000000001,0.0,7016.300000000001,0.0,7485.96,26891.15,16063.73,,27099.14
M18131,四川西星实业发展有限公司,7157.590000000001,6742.599999999999,10672.310000000001,9674.51,13008.65,17636.84,8004.72,23525.270000000004,9613.37,9013.93,13405.889999999998,120314.44999999997,77160.87999999999,,63563.18000000001
M18137,宿迁永泓汽车销售服务有限公司,13819.530000000002,,7608.220000000001,10480.240000000002,6834.500000000002,9623.89,6016.8099999999995,790.57,19509.920000000002,12273.62,6081.049999999999,35333.8,50967.85000000001,,44671.97
M18138,江西金乐玛汽车销售服务有限公司,6283.200000000001,5308.679999999999,5439.839999999999,4980.18,4134.74,5135.1900000000005,6553.0599999999995,4783.43,0.0,4027.1000000000004,0.0,20131.57,35562.560000000005,,15363.59
M18160,十堰海阜汽车销售服务有限公司,,6446.2300000000005,563.31,6714.95,6015.240000000002,11282.949999999999,6234.22,6440.029999999999,6158.9,6726.879999999999,0.0,50647.03000000001,40814.40999999999,,25560.03
M18163,张家港全骏汽车销售服务有限公司,7442.67,5593.92,,12363.86,7028.490000000001,12643.910000000002,22299.780000000002,7243.52,5949.349999999999,5232.19,11323.949999999999,60809.93,47247.67,,52048.79
M18167,北海瑞祥盛汽车销售服务有限公司,5014.6,8956.37,5703.08,11493.429999999998,9443.439999999999,0.0,5662.79,4672.330000000001,4217.299999999999,4140.86,4386.07,28424.05,36575.63,,23079.35
M18169,莆田龙益汽车销售服务有限公司,1810.3200000000002,2181.7700000000004,,2640.4300000000003,0.0,0.0,0.0,2754.37,0.0,0.0,2512.68,37839.45,8622.89,,5267.049999999999
M18175,巴州四季秋林汽车销售有限公司,,,5588.24,8049.37,12080.76,4821.880000000001,0.0,0.0,2412.5299999999997,0.0,4264.049999999999,28082.79,12815.510000000002,,6676.579999999999
M18179,廊坊市永昂汽车销售有限公司,6749.74,3394.16,2985.4599999999996,2615.7200000000003,0.0,2125.75,2805.2400000000002,10810.460000000001,0.0,6418.8899999999985,53.1,22428.42,2689.04,,20087.69
M18180,南京天辉汽车销售服务有限公司,6137.070000000001,6929.67,10595.840000000002,7167.97,28617.41999999999,18743.5,18225.36,22964.88,5089.95,5065.07,9358.26,78512.51000000002,63103.259999999995,,60703.520000000004
M18190,河南小伙伴汽车销售有限公司,8581.009999999998,10043.89,10811.3,19135.700000000008,7694.389999999999,19659.829999999994,20939.470000000005,19945.98,24375.309999999998,10861.880000000001,24238.129999999994,96111.47000000002,80146.87999999998,,100360.76999999999
M18195,青岛海昌汽车销售有限公司,,,4019.9,0.0,0.0,44.8,13432.9,11723.36,0.0,7109.399999999999,5211.200000000002,17255.6,21359.08,,37476.86
M18196,陕西骏威汽车销售服务有限公司,27456.960000000003,24495.000000000004,1912.74,11032.69,250.8,15008.06,34297.829999999994,23494.269999999997,0.0,49185.1,8.24,77900.33,61054.979999999996,,106985.43999999999
M18201,贺州市均浩汽车销售有限公司,7841.259999999999,,10283.44,10599.539999999999,0.0,7043.0,0.0,12254.710000000003,3206.0600000000004,6493.84,5283.71,53012.470000000016,52943.17999999999,,27238.320000000003
M18206,大连华为汽车销售服务有限公司,,,620.26,0.0,2014.04,0.0,0.0,2126.85,2089.81,0.0,0.0,33376.24,3042.8500000000004,,4216.66
M18209,张家口耀祥汽车销售有限公司,,5847.510000000001,4161.0,7323.13,3065.8900000000003,11014.430000000004,0.0,0.0,3784.5699999999997,3536.5600000000004,22621.340000000007,7895.46,19301.620000000003,,29942.47000000001
M18217,宣城瑞冠汽车销售有限公司,,,377.24,0.0,0.0,0.0,0.0,5305.769999999999,0.0,2903.1000000000004,0.0,2055.36,3164.5699999999997,,8208.869999999999
M18218,包头市鸿燕福达汽车销售服务有限公司,4567.48,,,0.0,20601.62,0.0,19590.94,21036.539999999997,0.0,13217.82,0.0,23539.390000000003,7432.540000000001,,53845.299999999996
M18220,上海苏源汽车销售服务有限公司,8576.49,16193.190000000004,15933.98,6552.23,9516.76,18437.190000000006,13001.359999999997,14902.850000000002,0.0,17228.430000000004,12039.47,57777.659999999996,43989.61,,57172.11
M18221,贵港万马汽车销售服务有限公司,6129.660000000001,6200.010000000001,,1896.67,0.0,0.0,5661.76,5047.77,0.0,5605.27,0.0,0.0,5311.33,,16314.800000000001
M18222,承德浩驰汽车销售服务有限公司,8622.189999999999,,188.62,0.0,0.0,0.0,2207.2200000000003,5707.349999999999,12307.099999999999,0.0,0.0,6194.969999999999,7396.84,,20221.67
M18224,广州市福马汽车销售服务有限公司,15450.01,24907.40000000001,25221.700000000004,43539.04000000001,293.16,28506.8,19652.13,47379.88000000003,81.85,780.7,35662.18000000001,78093.43999999999,98785.05,,103556.74000000003
M18229,天津远大盈之马汽车销售服务有限公司,11389.309999999998,,377.24,2371.96,39512.05000000001,14842.84,308.0,952.1299999999999,0.0,24998.890000000007,20852.989999999994,89231.8,76570.49,,47112.01
M18230,九江景润汽车销售服务有限公司,,,,0.0,3009.9500000000003,0.0,2756.9500000000003,0.0,0.0,2528.8999999999996,3147.12,17697.26,8417.24,,8432.970000000001
M18231,岳阳驭马汽车销售服务有限公司,802.1,4275.54,,0.0,14849.839999999998,7119.340000000001,5220.45,5375.16,0.0,0.0,9530.77,51839.79000000001,9826.27,,20126.38
M18232,株洲同达汽车销售服务有限公司,2313.35,2062.7200000000003,2447.92,2450.8899999999994,2735.6600000000003,0.0,2277.04,0.0,8110.27,2092.97,6.3,12668.36,20262.05,,12486.58
M18233,泰安金马汽车销售服务有限公司,,2625.4,,0.0,2093.28,0.0,0.0,4147.55,0.0,0.0,0.0,17147.87,12862.970000000001,,4147.55
M18234,永州驭马汽车销售服务有限公司,7606.919999999999,2161.7200000000003,3131.44,4998.610000000001,4064.83,0.0,7640.7,3630.2799999999997,15694.24,4986.22,11219.94,18810.72,7687.36,,43171.380000000005
M18235,湖南长驰长马汽车销售服务有限公司,19389.479999999996,17363.700000000008,10994.65,21102.40000000001,8634.470000000001,17376.01,15732.569999999998,14002.909999999998,13392.740000000002,57.48,15435.540000000003,77835.98000000001,92885.45000000001,,58621.240000000005
M18238,衡阳致瑞汽车销售服务有限公司,46150.84000000002,25758.59,21140.760000000006,14127.43,12332.430000000002,21179.639999999996,15610.769999999999,62572.82999999999,43085.91,30247.699999999997,32291.40000000001,121909.91000000002,105859.92000000001,,183808.61
M18239,丽水旺昌汽车销售服务有限公司,7865.729999999998,4870.02,,8149.840000000001,0.0,0.0,7410.149999999999,5007.470000000001,0.0,8392.73,0.0,46691.350000000006,17999.67,,20810.35
M18242,邵阳驭马汽车销售服务有限公司,4066.0300000000007,5425.679999999999,2016.0,943.1,885.59,9041.340000000002,0.0,5583.220000000001,0.0,8825.14,0.0,11463.16,26710.130000000005,,14408.36
M18243,郴州跃马汽车销售有限公司,3801.830000000001,11557.650000000001,5495.610000000001,3892.26,0.0,3998.09,3234.57,20428.649999999998,3540.67,0.0,2208.19,34857.450000000004,18524.960000000003,,29412.079999999998
M18245,常德汇智汽车销售服务有限公司,38508.52,13434.490000000002,10702.939999999999,10426.31,10334.269999999999,6222.879999999999,14573.029999999999,9338.54,28975.73,18041.32,8508.08,89514.12,70211.65000000001,,79436.7
M18246,遵义乾坤君马汽车销售有限公司,8116.1799999999985,2220.51,4347.36,0.0,2690.8700000000003,0.0,2035.8799999999999,0.0,6124.49,2938.71,0.0,37161.54,11758.939999999997,,11099.08
M18247,北京东南得利卡汽车贸易有限公司,2458.37,2610.95,7286.369999999999,3670.5800000000004,2611.0200000000004,0.0,0.0,2487.31,3476.7799999999997,13454.159999999998,15189.400000000001,15893.57,35516.869999999995,,34607.65
M18251,长沙瑞亿达汽车销售服务有限公司,6016.009999999999,11558.599999999999,12913.939999999997,14018.640000000001,6042.17,6489.0599999999995,9229.98,15803.15,11757.150000000001,11714.480000000003,14611.57,72037.11000000002,42806.9,,63116.33
M18255,孝感景帆汽车销售服务有限公司,3853.1,,790.9100000000001,0.0,0.0,9881.349999999999,0.0,4616.719999999999,0.0,0.0,2860.21,9068.039999999999,11362.27,,7476.929999999999
M18259,宜春驭盛汽车服务有限公司,,,,4908.02,66613.22,0.0,0.0,9519.2,0.0,0.0,34727.81,8203.95,60765.46000000002,,44247.009999999995
M18261,聊城驭马汽车销售服务有限公司,4671.27,8128.780000000001,2361.75,4640.62,8550.41,10670.9,2097.5699999999997,377.24,2090.16,2151.5,9288.97,6856.79,23713.420000000002,,16005.439999999999
M18265,洛阳隆马汽车销售服务有限公司,5583.03,2012.07,3420.83,4599.87,3806.9900000000002,8379.16,0.0,6009.62,3852.5299999999993,3735.3599999999997,7259.360000000001,14355.2,12249.29,,20856.87
M18270,山东惠骋汽车贸易有限公司,,16444.83,9032.369999999999,43597.27000000001,0.0,15274.869999999995,8051.990000000002,53805.12,30187.030000000002,11007.450000000003,20610.38,73644.64,104601.19,,123661.97
M18276,辽宁福达汽车销售服务有限公司,33783.799999999996,45294.43999999997,5.44,30449.010000000002,345.06,26230.640000000007,2254.05,29165.810000000012,543.23,27147.26,1374.0800000000002,203420.66000000003,126122.25999999998,,60484.43000000001
M18283,长春久鼎汽车销售服务有限公司,25670.0,6927.100000000001,10.88,17160.480000000003,0.0,10891.76,11510.79,7654.319999999999,0.0,20221.780000000002,0.0,46223.3,28647.5,,39386.89
M18285,吉林省仁德汽车销售服务有限公司,30131.49,31987.740000000013,3745.5,53589.68,1607.8200000000002,25588.550000000003,15469.320000000002,12063.46,1711.6,68939.64,2955.91,81225.86000000002,78763.45,,101139.93
M18286,日照市佰世达汽车销售服务有限公司,,5452.49,4944.599999999999,0.0,4404.41,0.0,2887.2699999999995,0.0,3357.87,0.0,3240.66,8873.21,15522.35,,9485.8
M18297,邯郸德骏汽车销售有限公司,4320.16,297.34,4864.590000000001,1342.67,5688.129999999998,6479.260000000001,7253.49,14869.82,3691.2499999999995,10451.46,0.0,26620.670000000006,35449.18,,36266.02
M18306,北京瑞豪成商贸有限公司,7767.989999999999,8711.329999999998,149.76,0.0,0.0,5.6,37075.30000000001,42774.26999999999,0.0,16443.55,19182.759999999995,38224.11,77072.11999999998,,115475.88
M18307,北京华日通汽车销售服务有限公司,12071.25,18962.499999999996,8031.790000000001,196.46,11076.750000000002,17651.439999999995,6451.450000000001,10402.91,15.35,19812.71,8415.410000000002,68042.98000000001,94661.01000000001,,45097.83
M18313,合肥市贺悦汽车销售服务有限公司,29726.709999999992,,,6231.74,7849.820000000001,25709.219999999998,0.0,5323.0199999999995,6031.71,0.0,0.0,23802.699999999997,19094.8,,11354.73
M18319,慈溪市新亚汽车销售服务有限公司,13476.87,9914.23,,5852.549999999999,0.0,0.0,11327.489999999998,17568.26,0.0,0.0,0.0,27336.29,37704.22,,28895.749999999996
M18326,南阳兴业汽车销售服务有限公司,,,613.23,9.0,2910.7999999999997,0.0,11451.210000000001,2091.57,2014.51,0.0,3218.25,10439.029999999999,33679.03999999999,,18775.54
M18328,焦作双达汽车销售服务有限公司,,8651.790000000003,388.04,2245.77,0.0,8696.39,0.0,8590.28,3137.67,12027.01,2725.05,24659.05,23141.140000000003,,26480.01
M18331,淮安市宏宇翔舜汽车销售服务有限公司,10731.050000000001,11350.560000000001,8548.08,6112.16,11165.11,0.0,40162.54000000001,39931.51,6978.81,6064.43,562.59,85253.27,47881.0,,93699.88
M18333,无锡荣事达汽车贸易服务有限公司,7625.7300000000005,13624.279999999999,11648.08,9307.419999999998,9608.410000000002,9268.92,23520.480000000003,25067.899999999998,17868.12,32552.529999999988,27223.53,125289.56999999999,124902.0,,126232.55999999998
M18341,株洲市华兴汽车销售服务有限公司,,9297.16,,14604.54,7140.4,6853.15,4804.040000000001,13430.169999999996,0.0,0.0,6827.150000000001,41004.96000000001,32930.11000000001,,25061.36
M18349,广西鑫广达汽车销售服务有限公司,12259.439999999999,8247.11,,21409.640000000007,26816.15,27614.929999999997,14809.400000000007,10918.000000000002,16011.880000000001,32937.17,12516.799999999997,180746.81000000003,140894.5,,87193.25000000001
M18351,广东物通驭达汽车有限公司,10874.78,25806.080000000005,,9981.850000000002,19079.120000000006,19321.08,17773.82,26367.840000000004,14375.07,17150.730000000003,6193.55,43713.130000000005,81348.2,,81861.01000000001
M18353,厦门吉顺丰汽车贸易有限公司,11525.039999999999,17164.620000000003,13313.68,8760.72,0.0,10623.67,9377.52,16079.770000000002,6362.809999999998,16984.839999999997,0.0,27860.67,56872.78999999999,,48804.939999999995
M18362,东莞市通华汽车销售服务有限公司,2690.81,10354.46,710.08,9527.23,2226.41,2234.4,4718.93,10841.369999999999,0.0,0.0,2066.03,36430.72,23139.5,,17626.329999999998
M18363,东莞市久驰汽车贸易有限公司,6267.85,12415.1,339.69,15040.719999999996,12602.120000000003,7922.0300000000025,10461.029999999999,13891.059999999994,6332.330000000001,7947.029999999999,0.0,69428.59,55930.909999999996,,38631.45
M18365,中山市中达汽车销售服务有限公司,7980.879999999999,9762.25,108.8,16947.139999999996,6422.6900000000005,8801.359999999999,10285.98,9280.24,6231.639999999999,13555.230000000001,6124.610000000001,110904.90000000002,73231.72,,45477.700000000004
M18370,兰州金岛骄马汽车销售有限公司,,14076.59,199.5,0.0,58599.470000000016,13386.009999999998,0.0,12893.850000000002,24739.289999999997,18.0,5345.09,73506.63,61931.76,,42996.229999999996
M18371,贵州正合隆汽车销售有限公司,,15662.41,14710.099999999999,8547.400000000003,6177.969999999999,540.22,36267.61000000001,10351.800000000001,120.0,7899.540000000002,9741.109999999999,76484.23000000001,19760.829999999998,,64380.06000000001
M18382,哈尔滨乾丰汽车销售服务有限责任公司,,4519.39,,9336.909999999996,0.0,8347.560000000001,0.0,6586.61,0.0,6960.95,0.0,27150.379999999994,18111.53,,13547.56
M18390,保定市威达汽车销售服务有限公司,13405.77,,27474.009999999995,6091.540000000001,0.0,21160.16,21076.550000000003,24661.639999999996,5111.4800000000005,796.17,4928.500000000001,70548.61000000002,60433.51000000001,,56574.340000000004
M18511,温州将军汽车销售服务有限公司,26351.079999999998,13832.24,,20389.44,0.0,0.0,12729.289999999997,17057.240000000005,0.0,6206.570000000001,0.0,43146.02,53222.100000000006,,35993.100000000006
M18519,宁波合辰汽车销售服务有限公司,32797.38000000001,21969.300000000003,,14218.850000000002,0.0,0.0,39978.109999999986,19486.2,0.0,20801.670000000002,32.0,47734.21000000001,46830.05,,80297.97999999998
M18520,嘉兴市禾通汽车销售服务有限公司,5041.570000000001,6497.42,12178.259999999997,6006.860000000001,6665.23,6913.89,6512.48,15460.48,6044.87,6078.09,6642.18,93942.8,52945.729999999996,,40738.1
M18526,上海景和金沙汽车销售有限公司,19983.639999999996,9423.240000000002,8423.94,21117.519999999997,18122.72,6266.0599999999995,9314.419999999998,15431.890000000001,8559.380000000001,13978.589999999998,0.0,119356.04000000002,91774.04,,47284.28
M18537,上海路帅汽车销售有限公司,8375.97,13932.080000000004,8818.32,15228.890000000001,23627.829999999998,6713.950000000001,9734.399999999998,24423.35,10080.68,7107.969999999999,0.0,143736.16999999998,57484.20999999999,,51346.4
M18538,上海交运起荣汽车销售服务有限公司,17710.580000000005,13098.09,16457.72,17278.77,19628.64,16570.340000000004,21003.000000000007,27294.890000000003,15109.429999999997,24229.780000000002,8836.55,103374.49999999999,65833.18000000002,,96473.65000000001
M18539,南通银达汽车销售服务有限公司,,25247.499999999996,,11144.580000000002,0.0,8018.7300000000005,23848.30000000001,31028.03000000002,0.0,201.12,12117.46,42343.03999999999,38175.56,,67194.91000000003
M18561,四川中鹏汽车销售服务有限公司,13140.17,16541.04,27557.869999999995,39977.12000000001,19291.53,10124.83,9354.699999999999,20306.519999999993,11542.310000000001,6989.93,21583.100000000002,233973.45000000004,127581.45000000001,,69776.56
M18571,重庆万事新汽车销售服务有限公司,9477.460000000001,16365.239999999998,22575.470000000005,6319.460000000003,6383.990000000001,21226.980000000003,30167.510000000013,12957.120000000003,9848.339999999995,14173.540000000003,10865.340000000002,391823.63000000006,122795.12000000002,,78011.85000000002
M18573,云南善为汽车销售服务有限公司,11522.469999999996,,943.1,0.0,13324.02,0.0,0.0,22374.509999999995,43.56,0.0,0.0,30229.829999999994,73436.45999999999,,22418.069999999996
M18610,广西马之悦汽车销售服务有限公司,16768.329999999998,5249.410000000001,4458.030000000001,6778.52,4691.4400000000005,10384.680000000002,4140.0,12326.509999999998,4069.11,4094.62,32617.580000000013,48277.15,69241.81000000001,,57247.82000000001
M18613,广州博程汽车有限公司,1762.1699999999998,25260.850000000002,89.6,1530.96,21868.09,0.0,10361.130000000001,8733.259999999998,10399.060000000003,832.71,10217.080000000004,59783.81000000001,39588.149999999994,,40543.240000000005
M18617,武汉龙泰汽车销售服务有限公司,,,8589.29,0.0,0.0,7309.069999999999,0.0,0.0,6645.969999999999,0.0,0.0,28493.21,7948.600000000001,,6645.969999999999
M18888,青海金团汽车销售服务有限公司,7535.0199999999995,,1572.4,18830.460000000003,14009.66,0.0,7593.76,0.0,0.0,23081.48,0.0,27400.21,34834.15,,30675.239999999998
M18889,安庆瑞呈汽车销售服务有限公司,3185.53,,3425.9700000000007,3071.9700000000003,580.93,6500.500000000001,0.0,5783.74,0.0,5077.200000000001,5245.8,10702.13,10423.62,,16106.740000000002
M18892,辽宁驰敖中联汽车销售服务有限公司,32933.35999999999,32503.060000000012,565.86,40087.969999999994,1132.21,25598.689999999995,45029.72000000002,24300.12,4637.44,31380.580000000005,0.0,107848.81,114621.63,,105347.86000000003
M18897,沧州仓安汽车销售服务有限公司,2711.21,2948.01,194.06,3022.1899999999996,2473.78,2808.27,0.0,4741.66,11012.8,0.0,3389.5299999999997,48684.60999999999,20160.609999999997,,19143.989999999998
M18898,南充创达丰汽车服务有限公司,4114.35,2124.29,3961.9800000000005,3516.6,2276.7,10985.740000000002,0.0,0.0,15979.650000000001,0.0,7494.09,18126.58,11542.22,,23473.74
M18902,许昌吉运汽车销售服务有限公司,,2955.06,6103.15,0.0,5673.909999999999,2265.51,3274.230000000001,6599.8,5681.41,8507.85,2061.75,27953.780000000002,21399.11,,26125.04
M23003,湖州长马汽车销售服务有限公司,18278.550000000003,5484.14,,17400.55,0.0,0.0,12361.87,8817.880000000001,0.0,27556.740000000005,0.0,42411.51000000001,57990.009999999995,,48736.490000000005
M18896,阿克苏笑好,,14396.48,15711.28,0.0,399.64,365.27,0.0,5050.71,1665.88,0.0,0.0,12117.21,53355.60000000001,,6716.59
M23001,佳木斯嘉达汽车销售服务有限公司,2724.24,8741.910000000002,215.82,7194.250000000001,0.0,0.0,0.0,1508.0,0.0,0.0,0.0,12543.15,11010.82,,1508.0
M23002,重庆瀚达汽车销售服务有限公司,,20522.220000000005,15113.900000000001,9240.82,10565.1,6597.299999999999,0.0,6010.990000000001,0.0,24041.710000000003,0.0,77899.06,60036.11000000001,,30052.700000000004
M18913,乌鲁木齐笑好景星汽车销售有限公司,26266.140000000007,23103.210000000003,1174.48,26292.89000000001,26364.47000000001,40495.62999999999,3422.33,137.51999999999998,30137.420000000006,12684.97,19186.25,95661.47,119866.30000000002,,65568.49
M18912,西藏鼎恒实业有限公司,,,,0.0,0.0,0.0,3783.76,3063.3,0.0,0.0,0.0,2114.61,2544.9900000000002,,6847.06
M18911,伊宁市笑好泓源汽车服务有限公司,,,52694.670000000006,28.5,0.0,70.6,0.0,0.0,0.0,0.0,102.0,21242.629999999997,2638.62,,102.0
M18915,临沂长驰汽车销售服务有限公司,2451.6999999999994,5036.130000000001,565.86,0.0,1809.56,5375.1900000000005,9476.140000000001,9605.640000000001,3467.7999999999997,1976.93,2632.31,25090.649999999998,24802.81,,27158.820000000003
M18917,河北桐响汽车贸易有限公司,2154.79,2714.0199999999995,2201.2300000000005,4421.799999999999,3052.3100000000004,3352.1899999999996,20701.05,7631.08,6899.0,6577.32,3984.3,58851.55000000001,31614.78,,45792.75
M18919,唐山丰玮汽车贸易有限公司,6394.820000000001,,249.74,3054.7599999999998,2139.0600000000004,0.0,0.0,2996.6099999999997,10990.590000000002,92.82,6017.29,15049.55,26605.259999999995,,20097.31
M18920,漳州凯鑫汽车贸易有限公司,,,8481.330000000002,2081.3,243.84,0.0,0.0,0.0,0.0,0.0,0.0,0.0,2884.0,,0.0
M18935,福州龙驭汽车销售服务有限公司,299.70000000000005,8280.67,3055.5,5253.159999999999,6947.759999999999,4703.72,3306.69,9554.28,0.0,5356.46,3141.7799999999997,32744.54,29818.070000000003,,21359.21
M18947,南通正马汽车销售服务有限公司,,5792.19,2630.13,3508.5399999999995,0.0,3310.14,0.0,4577.83,0.0,13113.79,6392.56,27936.35,28947.59,,24084.180000000004
M18922,东莞众强,804.9,1428.44,16.32,1824.77,0.0,2000.63,0.0,11104.780000000002,3013.5,2048.17,2538.23,21653.88,10100.8,,18704.680000000004
M18952,吉林市铭航汽车销售服务有限公司,4136.410000000001,,13.6,6238.83,0.0,17032.260000000002,2352.64,0.0,0.0,9423.89,0.0,13799.769999999997,32925.04,,11776.529999999999
M18927,徐州正马汽车销售服务有限公司,,15636.839999999998,5324.49,7741.349999999999,0.0,27967.870000000006,11535.98,33401.33,11002.659999999998,4305.47,0.0,91288.95000000001,46218.67,,60245.439999999995
M18954,贵阳京正鸿汽车销售服务有限公司,30892.870000000003,6745.2,565.86,6426.19,12910.08,0.0,8531.64,6516.0199999999995,20395.21,5419.629999999999,5255.05,63006.78999999999,40863.42,,46117.549999999996
M18958,六安市泰源汽车销售服务有限公司,2712.73,9599.29,,2642.1,5140.200000000001,5756.249999999999,18499.55,2184.5800000000004,11903.11,4557.46,0.0,57639.5,15674.739999999998,,37144.700000000004
M18960,泉州道明汽车销售服务有限公司,2782.0699999999997,3307.13,4440.16,6768.160000000002,13844.53,3013.6299999999997,2100.49,10447.130000000003,4444.1,0.0,0.0,24931.819999999996,55538.6,,16991.72
M18959,菏泽佳谊订单中心,10.5,,377.24,0.0,0.0,0.0,12054.74,2473.5599999999995,1077.88,2267.8599999999997,4719.17,17654.31,5325.660000000001,,22593.21
M18939,连云港佳成,,3827.1299999999997,5818.139999999999,0.0,4338.56,2165.7799999999997,0.0,2453.91,2144.95,0.0,2253.42,24895.35,17333.870000000003,,6852.28
M18964,新乡市弘森汽车销售服务有限公司,4684.17,5205.58,4649.64,2046.0,0.0,5187.8099999999995,0.0,13042.669999999998,18011.74,2015.94,0.0,27583.7,17775.94,,33070.35
M18945,汉中骏逸鑫逸,,,6040.63,16751.92,1919.0,7947.32,32.8,5740.530000000001,600.0,7342.56,0.0,24421.45,4583.76,,13715.890000000001
M18966,宝鸡福瑞腾汽车销售服务有限公司,2214.2599999999998,4686.52,2751.71,2028.7800000000002,287.56,0.0,14.0,2305.4999999999995,189.42,3079.3999999999996,950.0,17994.440000000002,47719.229999999996,,6538.32
M18962,梅州市华璟新能源汽车有限公司,,,,2143.86,0.0,0.0,0.0,0.0,0.0,0.0,0.0,140.16,18633.9,,0.0
M18965,泸州长马一鸣汽车贸易有限公司,,,15405.53,362.4,0.0,0.0,2015.93,0.0,0.0,2563.02,0.0,2250.2999999999997,7857.02,,4578.95
总计,,2135738.0,2220883.41,1456440.85,2249036.6799999992,1522268.24,1927426.5799999994,2521730.69,3026193.380000001,1543152.6000000003,2358627.9500000007,1757870.1700000006,12582389.140000004,10890589.040000003,,11207574.790000001
